Rec Id,Src Acct Code,Src Acct Desc,Xref Key,Acct Id,Property Id,Property Name,Acct Code,Acct Suffix,Acct Name,Multiplier,Created,Updated
1,1,RM CHG   tax%,,216,0,,40110-634,18,Revenue - Direct Booking,1.00,01/07/2021,02/24/2021
2,6C,BAL FWD CREDIT,,0,0,,,,,1.00,01/07/2021,11/21/2023
3,6D,BAL FWD DEBIT,,0,0,,,,,1.00,01/07/2021,11/21/2023
4,71,ADV DEP BAL FWD,,0,0,,,,,1.00,01/07/2021,01/07/2021
5,72,ADV DEP CONTROL,,0,0,,,,,1.00,01/07/2021,03/17/2021
6,7A,ADV DEP AMEX,GstPMSAX,0,0,,,,,-1.00,01/07/2021,03/24/2021
7,7C,ADV DEP CASH,GstCash,0,0,,,,,-1.00,01/07/2021,03/24/2021
8,7G,ADV DEP DINERS,GstPMSDI,0,0,,,,,-1.00,01/07/2021,03/24/2021
9,7H,ADV DEP CHECK,GstCheck,0,0,,,,,-1.00,01/07/2021,03/24/2021
10,7I,ADV DEP DISC,GstPMSDV,0,0,,,,,-1.00,01/07/2021,03/24/2021
11,7P,ADV Prepaid Dep,GstWire,0,0,,,,,-1.00,01/07/2021,07/06/2021
12,7T,GUEST ADV TRANS,,0,0,,,,,-1.00,01/07/2021,03/23/2021
13,7V,ADV DEP VISA,GstPMSMCV,0,0,,,,,-1.00,01/07/2021,03/24/2021
14,8A,REFUND AD AMEX,GstPMSAX,0,0,,,,,-1.00,01/07/2021,03/24/2021
15,8C,REFUND AD CASH,GstCash,0,0,,,,,-1.00,01/07/2021,03/24/2021
16,8D,REFUND AD DINER,GstPMSDI,0,0,,,,,-1.00,01/07/2021,03/24/2021
17,8H,REFUND AD CK,GstCheck,0,0,,,,,-1.00,01/07/2021,03/24/2021
18,8I,REFUND AD DISCV,GstPMSDI,0,0,,,,,-1.00,01/07/2021,03/24/2021
19,8P,REFUND PREPAID,GstWire,0,0,,,,,-1.00,01/07/2021,03/24/2021
20,8V,REFUND AD VISA,GstPMSMCV,0,0,,,,,-1.00,01/07/2021,03/24/2021
21,9,ROOM TAX,,455,0,,20103-662,,Tax Payable: Tourist Tax Payable,1.00,01/07/2021,10/16/2023
22,92,misc SALES TAX,,455,15,Best Western Windsor Inn,20103-662,,Tax Payable: Tourist Tax Payable,1.00,01/07/2021,10/21/2024
23,93,ADJ ROOM TAX,,455,0,,20103-662,,Tax Payable: Tourist Tax Payable,1.00,01/07/2021,04/06/2021
24,AA,adjust AMEX,GstPMSAX,0,0,,,,,-1.00,01/07/2021,02/09/2021
25,AD,adjust DINERS,GstPMSDI,0,0,,,,,-1.00,01/07/2021,02/09/2021
26,ADVANCE DEPOSITS,ADVANCE DEPOSITS,AdvDepSysBal,0,0,,,,,1.00,01/07/2021,01/07/2021
27,AI,adjust DISCOVER,GstPMSDV,0,0,,,,,-1.00,01/07/2021,02/09/2021
29,AN,ADJ RM NO TAX,,216,0,,40110-634,18,Revenue - Direct Booking,1.00,01/07/2021,03/02/2021
30,AP,ADJ PHONE CHGS,,0,0,,,,,1.00,01/07/2021,03/19/2021
31,AR,ADJ RM CHG + TX,,216,0,,40110-634,18,Revenue - Direct Booking,1.00,01/07/2021,03/02/2021
32,AV,adjust VISA/MC,GstPMSMCV,0,0,,,,,-1.00,01/07/2021,02/09/2021
33,AX,PAYMENT AMEX,GstPMSAX,0,0,,,,,-1.00,01/07/2021,02/09/2021
35,CH,PAYMENT CASH,GstCash,0,0,,,,,-1.00,01/07/2021,02/09/2021
37,CITY LEDGER,CITY LEDGER,CitySysBal,0,0,,,,,1.00,01/07/2021,02/03/2022
38,CK,PAYMENT CHECK,GstCheck,0,0,,,,,-1.00,01/07/2021,02/09/2021
39,CP,COMMISION PHONE,,0,0,,,,,1.00,01/07/2021,03/19/2021
40,CR,REFUND CASH,GstCash,0,0,,,,,-1.00,01/07/2021,02/09/2021
41,D1,DB BAL FWD,,0,0,,,,,1.00,01/07/2021,01/07/2021
42,D2,DB CONTROL,,0,0,,,,,1.00,01/07/2021,03/23/2021
43,DA,DB PAID AMEX,GstPMSAX,0,0,,,,,-1.00,01/07/2021,12/01/2021
44,DB,DIRECT BILLING,,0,0,,,,,-1.00,01/07/2021,03/24/2021
45,DC,PAYMENT DISCVR,GstPMSDV,0,0,,,,,-1.00,01/07/2021,02/09/2021
46,DD,DB DEBIT,,0,0,,,,,1.00,01/07/2021,03/23/2021
47,DH,DB PYMT CHECK,GstCheck,0,0,,,,,-1.00,01/07/2021,03/24/2021
48,DI,DB PAID DINERS,GstPMSDI,0,0,,,,,-1.00,01/07/2021,06/21/2021
51,DJ,adj DIRECT BILL,,0,0,,,,,-1.00,01/07/2021,12/13/2021
52,DN,PAYMENT DINERS,GstPMSDI,0,0,,,,,-1.00,01/07/2021,02/09/2021
53,DR,DB PAID DISCVR,GstPMSDV,0,0,,,,,-1.00,01/07/2021,06/21/2021
54,DV,DB PAID VS/MC,GstPMSMCV,0,0,,,,,-1.00,01/07/2021,06/21/2021
55,DW,DB WRITEOFF,GstWire,438,0,,66000-371,,Bad Debt,-1.00,01/07/2021,10/19/2021
57,FC,FORFEIT CHARGE,,0,0,,,,,1.00,01/07/2021,01/07/2021
58,FX,FAX / COPY,,0,0,,,,,1.00,01/07/2021,03/19/2021
59,GUEST LEDGER,GUEST LEDGER,GstSysBal,0,0,,,,,1.00,01/07/2021,01/07/2021
60,LA,PHONE ADMIN,,0,0,,,,,1.00,01/07/2021,12/30/2021
61,LC,LOCAL CALLS,,0,0,,,,,1.00,01/07/2021,03/19/2021
62,LD,LONG DIST CALLS,,0,0,,,,,1.00,01/07/2021,03/19/2021
63,LL,PHONE LOSS (LD),,0,0,,,,,1.00,01/07/2021,03/11/2022
64,LN,ROOM NOT CHARGE,,332,0,,40120-635,,Revenues : Other Revenue,1.00,01/07/2021,01/07/2021
65,LS,LAUNDRY SERVICE,,332,0,,40120-635,,Revenues : Other Revenue,1.00,01/07/2021,01/07/2021
66,MA,misc.ADJ TAXBLE,,332,0,,40120-635,,Revenues : Other Revenue,1.00,01/07/2021,01/07/2021
67,MN,misc. charge non-taxable,,332,0,,40120-635,,Revenues : Other Revenue,1.00,01/07/2021,01/07/2021
68,MS,misc.CHG TAXBLE,,332,0,,40120-635,,Revenues : Other Revenue,1.00,01/07/2021,01/07/2021
69,MV,IN ROOM MOVIE,,332,0,,40120-635,,Revenues : Other Revenue,1.00,01/07/2021,01/07/2021
70,MX,misc-ADJ NO TAX,,332,0,,40120-635,,Revenues : Other Revenue,1.00,01/07/2021,01/07/2021
71,RC,RM CHG + TAX,,216,0,,40110-634,18,Revenue - Direct Booking,1.00,01/07/2021,02/04/2021
72,RD,RATE DISCOUNT,,216,0,,40110-634,18,Revenue - Direct Booking,1.00,01/07/2021,02/04/2021
73,RK,REFUND CHECK,GstCheck,0,0,,,,,-1.00,01/07/2021,02/09/2021
74,RN,RM CHG NO TAX,,216,0,,40110-634,18,Revenue - Direct Booking,1.00,01/07/2021,03/02/2021
75,SC,SERVICE CHARGE,,332,0,,40120-635,,Revenues : Other Revenue,1.00,01/07/2021,01/07/2021
76,VI,VENDING INCOME,,332,0,,40120-635,,Revenues : Other Revenue,1.00,01/07/2021,01/07/2021
78,VS,PAYMENT VS/MC,GstPMSMCV,0,0,,,,,-1.00,01/07/2021,02/09/2021
79,X1,ROLLAWAY,,332,0,,40120-635,,Revenues : Other Revenue,1.00,01/07/2021,01/07/2021
80,X2,CRIB,,332,0,,40120-635,,Revenues : Other Revenue,1.00,01/07/2021,10/16/2023
81,X3,EXTRA PERSON,,332,9,Lakeside Lodge & Suites,40120-635,,Revenues : Other Revenue,1.00,01/07/2021,11/22/2021
82,X4,PET CHARGE,,332,15,Best Western Windsor Inn,40120-635,,Revenues : Other Revenue,1.00,01/07/2021,10/21/2024
83,X5,Bouquet,,0,0,,,,,1.00,01/07/2021,12/30/2021
84,X6,Truffles,,332,15,Best Western Windsor Inn,40120-635,,Revenues : Other Revenue,1.00,01/07/2021,10/24/2022
85,X7,Bouquet and Truffles,,332,15,Best Western Windsor Inn,40120-635,,Revenues : Other Revenue,1.00,01/07/2021,05/08/2024
87,BOOK-stat,BOOKING. COM,,0,0,,,,,1.00,01/07/2021,12/30/2021
89,EXPC-stat,Expedia Collect,,0,0,,,,,1.00,01/07/2021,12/30/2021
91,EXPH-stat,Expedia Hotel,,0,0,,,,,1.00,01/07/2021,12/30/2021
93,GOOGLE-stat,Google,,0,0,,,,,1.00,01/07/2021,12/30/2021
95,INTERN-stat,INTERNET,,0,0,,,,,1.00,01/07/2021,12/30/2021
97,ONLINE-stat,ONLINE,,0,0,,,,,1.00,01/07/2021,12/30/2021
99,REFERR-stat,referral,,0,0,,,,,1.00,01/07/2021,12/30/2021
101,REP-stat,REPEAT GUEST,,0,0,,,,,1.00,01/07/2021,12/30/2021
103,WLK IN-stat,Walk In,,0,0,,,,,1.00,01/07/2021,12/30/2021
105,AAA-stat,AAA,,0,0,,,,,1.00,01/07/2021,12/30/2021
107,COMP-stat,NO CHARGE-COMP ROOM,,0,0,,,,,1.00,01/07/2021,12/30/2021
109,KEYT-stat,KEYT or KCOY,,0,0,,,,,1.00,01/07/2021,12/30/2021
111,NCEAS-stat,NCEAS,,0,0,,,,,1.00,01/07/2021,12/30/2021
113,TRIP-stat,TRIP ADVISOR,,0,0,,,,,1.00,01/07/2021,12/30/2021
115,VISCTR-stat,VISITOR CENTER,,0,0,,,,,1.00,01/07/2021,12/30/2021
117,YELP-stat,YELP,,0,0,,,,,1.00,01/07/2021,12/30/2021
118,8G,REFUND AD DINER,,0,0,,,,,1.00,01/19/2021,01/19/2021
119,FD,FORFEIT ADV DEP,,332,1,Marina Beach Motel,40120-635,,Revenues : Other Revenue,1.00,01/19/2021,05/24/2022
120,GC,GIFT CERTIFICATE PURCHASE,,0,0,,,,,1.00,01/19/2021,01/19/2021
121,RH,REFUND CHECK,GstCheck,0,0,,,,,-1.00,01/19/2021,04/19/2022
123,TF,Transfer to Folio,GstWire,0,0,,,,,-1.00,01/19/2021,03/24/2021
124,7B,ADV DEP JCB,,0,0,,,,,1.00,01/20/2021,01/20/2021
125,8B,REFUND AD JCB,,0,0,,,,,1.00,01/20/2021,01/20/2021
126,AB,ADJUST JCB,,0,0,,,,,1.00,01/20/2021,01/20/2021
127,AT1,Auditorium Tax Adjustment,,455,0,,20103-662,,Tax Payable: Tourist Tax Payable,1.00,01/20/2021,10/16/2023
128,AT2,Lodging Tax Adjustment,,455,0,,20103-662,,Tax Payable: Tourist Tax Payable,1.00,01/20/2021,04/06/2021
129,AT3,State Tax Adjustment,,455,0,,20103-662,,Tax Payable: Tourist Tax Payable,1.00,01/20/2021,10/16/2023
130,AU,AUDITORIUM TAX,,455,0,,20103-662,,Tax Payable: Tourist Tax Payable,1.00,01/20/2021,10/16/2023
131,bear,Bear World Ticket Sales,,332,0,,40120-635,,Revenues : Other Revenue,1.00,01/20/2021,01/21/2021
132,BR,BREAKFAST REV.,,332,0,,40120-635,,Revenues : Other Revenue,1.00,01/20/2021,01/21/2021
133,CA,Refund Check,GstCheck,0,0,,,,,-1.00,01/20/2021,04/19/2022
134,Crib,CRIB,,332,0,,40120-635,,Revenues : Other Revenue,1.00,01/20/2021,10/18/2023
135,DBAX,PAYMENT AMEX,GstPMSAX,0,0,,,,,1.00,01/20/2021,03/23/2021
136,DM,PAYMENT VISA/MC,GstPMSMCV,0,0,,,,,-1.00,01/20/2021,03/24/2021
137,FF,FORFEIT FEE,,0,0,,,,,1.00,01/20/2021,01/20/2021
138,GE,general expense,,0,0,,,,,1.00,01/20/2021,01/20/2021
139,JB,PAYMENT JCB,,0,0,,,,,1.00,01/20/2021,01/20/2021
140,LO,LODGING TAX,,333,0,,60100-282,,Revenues : Bed Tax,1.00,01/20/2021,01/21/2021
141,MR,MEETING ROOM,,332,0,,40120-635,,Revenues : Other Revenue,1.00,01/20/2021,01/21/2021
142,Pet,PET CHARGE,,332,0,,40120-635,,Revenues : Other Revenue,1.00,01/20/2021,01/21/2021
143,PT,PET DEPOSIT,,332,0,,40120-635,,Revenues : Other Revenue,1.00,01/20/2021,01/21/2021
144,Roll,ROLLAWAY,,332,0,,40120-635,,Revenues : Other Revenue,1.00,01/20/2021,01/21/2021
145,SHIP,Shipping Guest Items,,0,0,,,,,1.00,01/20/2021,03/19/2021
146,SN,Snack Shop,,332,0,,40120-635,,Revenues : Other Revenue,1.00,01/20/2021,10/22/2021
147,ST,STATE TAX,,455,0,,20103-662,,Tax Payable: Tourist Tax Payable,1.00,01/20/2021,10/16/2023
148,UP,Upgrade Fee,,216,0,,40110-634,18,Revenue - Direct Booking,1.00,01/20/2021,03/02/2021
150,BW-Stat,Best Western Member,,0,0,,,,,1.00,01/20/2021,12/30/2021
152,CENTRA-Stat,Central Reservation,,0,0,,,,,1.00,01/20/2021,12/30/2021
154,Corp-Stat,Corporate Travel,,0,0,,,,,1.00,01/20/2021,12/30/2021
156,Direct-Stat,Walk In/Phone,,0,0,,,,,1.00,01/20/2021,12/30/2021
158,OTA-BK-Stat,OTA Commissionable-Booking.com,,0,0,,,,,1.00,01/20/2021,12/30/2021
160,OTA-EX-Stat,OTA Commissionable-Expedia,,0,0,,,,,1.00,01/20/2021,12/30/2021
162,OTA-O-Stat,OTA Commissionable-Other,,0,0,,,,,1.00,01/20/2021,12/30/2021
164,RP-BK-Stat,OTA Noncommissionable,,0,0,,,,,1.00,01/20/2021,12/30/2021
166,RP-EX-Stat,OTANoncommissionable-Expedia,,0,0,,,,,1.00,01/20/2021,12/30/2021
168,RP-O-Stat,OTANoncommissionable-Other,,0,0,,,,,1.00,01/20/2021,12/30/2021
173,MIS-Stat,MISC.,,0,0,,,,,1.00,02/12/2021,12/30/2021
178,92,misc SALES TAX,,455,3,Driftwood Inn,20103-662,,Tax Payable: Tourist Tax Payable,1.00,01/07/2021,10/16/2023
179,AMEX,AMEX,,254,1,Marina Beach Motel,10010-528,,Cash in Bank : Cash in Checking-Mechanics-3955,-1.00,01/07/2021,03/01/2021
180,AMEX,AMEX,,260,3,Driftwood Inn,10050-535,,Cash in Bank : Cash in Checking-Bank of Idaho-3037,-1.00,01/07/2021,03/08/2021
182,CASH,CASH,,457,1,Marina Beach Motel,60010-667,,Cash Over/Under,-1.00,01/07/2021,07/12/2021
183,CASH,CASH,,457,3,Driftwood Inn,60010-667,,Cash Over/Under,-1.00,01/07/2021,07/12/2021
185,CHECKS,CHECKS,,457,1,Marina Beach Motel,60010-667,,Cash Over/Under,-1.00,01/07/2021,07/12/2021
186,CHECKS,CHECKS,,457,3,Driftwood Inn,60010-667,,Cash Over/Under,-1.00,01/07/2021,07/12/2021
187,DINERS CARD,DINERS CARD,,254,1,Marina Beach Motel,10010-528,,Cash in Bank : Cash in Checking-Mechanics-3955,-1.00,01/07/2021,03/01/2021
188,DINERS CARD,DINERS CARD,,260,3,Driftwood Inn,10050-535,,Cash in Bank : Cash in Checking-Bank of Idaho-3037,-1.00,01/07/2021,03/08/2021
189,DISCOVER,DISCOVER,,254,1,Marina Beach Motel,10010-528,,Cash in Bank : Cash in Checking-Mechanics-3955,-1.00,01/07/2021,03/01/2021
190,DISCOVER,DISCOVER,,260,3,Driftwood Inn,10050-535,,Cash in Bank : Cash in Checking-Bank of Idaho-3037,-1.00,01/07/2021,03/08/2021
193,VISA/MASTER,VISA/MASTER,,254,1,Marina Beach Motel,10010-528,,Cash in Bank : Cash in Checking-Mechanics-3955,-1.00,01/07/2021,03/01/2021
194,VISA/MASTER,VISA/MASTER,,260,3,Driftwood Inn,10050-535,,Cash in Bank : Cash in Checking-Bank of Idaho-3037,-1.00,01/07/2021,03/08/2021
228,7B,ADV DEP JCB,,0,3,Driftwood Inn,,,,1.00,01/20/2021,03/01/2021
240,MR,MEETING ROOM,,332,3,Driftwood Inn,40120-635,,Revenues : Other Revenue,1.00,01/20/2021,03/01/2021
"25,378",AAA-Rev,AAA,,0,0,,,,,1.00,03/04/2021,03/04/2021
"25,379",BOOK-Rev,BOOKING. COM,,0,0,,,,,1.00,03/04/2021,03/04/2021
"25,380",EXPC-Rev,Expedia Collect,,0,0,,,,,1.00,03/04/2021,03/04/2021
"25,381",EXPH-Rev,Expedia Hotel,,0,0,,,,,1.00,03/04/2021,03/04/2021
"25,382",GOOGLE-Rev,Google,,0,0,,,,,1.00,03/04/2021,03/04/2021
"25,383",INTERN-Rev,INTERNET,,0,0,,,,,1.00,03/04/2021,03/04/2021
"25,384",ONLINE-Rev,ONLINE,,0,0,,,,,1.00,03/04/2021,03/04/2021
"25,385",REFERR-Rev,referral,,0,0,,,,,1.00,03/04/2021,03/04/2021
"25,386",REP-Rev,REPEAT GUEST,,0,0,,,,,1.00,03/04/2021,03/04/2021
"25,387",TRIP-Rev,TRIP ADVISOR,,0,0,,,,,1.00,03/04/2021,03/04/2021
"25,388",WLK IN-Rev,Walk In,,0,0,,,,,1.00,03/04/2021,03/04/2021
"25,389",COMP-Rev,NO CHARGE-COMP ROOM,,0,0,,,,,1.00,03/04/2021,03/04/2021
"25,390",$0.00,$0.00,,0,0,,,,,1.00,03/04/2021,03/04/2021
"25,391",BW-Rev,Best Western Member,,0,0,,,,,1.00,03/04/2021,03/04/2021
"25,392",CENTRA-Rev,Central Reservation,,0,0,,,,,1.00,03/04/2021,03/04/2021
"25,393",Corp-Rev,Corporate Travel,,0,0,,,,,1.00,03/04/2021,03/04/2021
"25,394",Direct-Rev,Walk In/Phone,,0,0,,,,,1.00,03/04/2021,03/04/2021
"25,395",MIS-Rev,MISC.,,0,0,,,,,1.00,03/04/2021,03/04/2021
"25,396",OTA-BK-Rev,OTA Commissionable-Booking.com,,0,0,,,,,1.00,03/04/2021,03/04/2021
"25,397",OTA-EX-Rev,OTA Commissionable-Expedia,,0,0,,,,,1.00,03/04/2021,03/04/2021
"25,398",OTA-O-Rev,OTA Commissionable-Other,,0,0,,,,,1.00,03/04/2021,03/04/2021
"25,399",RP-BK-Rev,OTA Noncommissionable,,0,0,,,,,1.00,03/04/2021,03/04/2021
"25,400",RP-EX-Rev,OTA Noncommissionable-Expedia,,0,0,,,,,1.00,03/04/2021,03/04/2021
"25,401",RP-O-Rev,OTA Noncommissionable-Other,,0,0,,,,,1.00,03/04/2021,03/04/2021
"25,402",($4.98),($4.98),,0,0,,,,,1.00,03/04/2021,03/04/2021
"25,403",AP,ADJ PHONE CHGS,,0,1,Marina Beach Motel,,,,1.00,01/07/2021,03/19/2021
"25,404",93,ADJ ROOM TAX,,455,1,Marina Beach Motel,20103-662,,Tax Payable: Tourist Tax Payable,1.00,01/07/2021,04/06/2021
"25,407",AU,AUDITORIUM TAX,,455,3,Driftwood Inn,20103-662,,Tax Payable: Tourist Tax Payable,1.00,01/20/2021,10/16/2023
"25,408",AT1,Auditorium Tax Adjustment,,455,3,Driftwood Inn,20103-662,,Tax Payable: Tourist Tax Payable,1.00,01/20/2021,10/16/2023
"25,409",LO,LODGING TAX,,455,3,Driftwood Inn,20103-662,,Tax Payable: Tourist Tax Payable,1.00,01/20/2021,04/06/2021
"25,410",AT2,Lodging Tax Adjustment,,455,3,Driftwood Inn,20103-662,,Tax Payable: Tourist Tax Payable,1.00,01/20/2021,04/06/2021
"25,411",9,ROOM TAX,,455,1,Marina Beach Motel,20103-662,,Tax Payable: Tourist Tax Payable,1.00,01/07/2021,04/06/2021
"25,412",ST,STATE TAX,,455,3,Driftwood Inn,20103-662,,Tax Payable: Tourist Tax Payable,1.00,01/20/2021,10/16/2023
"25,413",AT3,State Tax Adjustment,,455,3,Driftwood Inn,20103-662,,Tax Payable: Tourist Tax Payable,1.00,01/20/2021,10/16/2023
"25,415",% of Base,% of Base,,0,0,,,,,1.00,03/23/2021,03/23/2021
"25,416",% of Tier,% of Tier,,0,0,,,,,1.00,03/23/2021,03/23/2021
"25,417",ADR,ADR,,439,0,,90001-418,,ADR,1.00,03/23/2021,12/28/2021
"25,418",ADR w/comps,ADR w/comps,,0,0,,,,,1.00,03/23/2021,03/23/2021
"25,419",CL ADMIN & LOSS,CL ADMIN & LOSS,,0,0,,,,,1.00,03/23/2021,03/23/2021
"25,420",CL ADV DEP CTRL,CL ADV DEP CTRL,AdvDepToGstLedger,0,0,,,,,1.00,03/23/2021,03/24/2021
"25,421",CL DB CONTROL,CL DB CONTROL,GstXfer,0,0,,,,,1.00,03/23/2021,03/23/2021
"25,422",Comps,Comps,,194,0,,90004-421,,Comps,1.00,03/23/2021,12/28/2021
"25,423",Early C/O,Early C/O,,0,0,,,,,1.00,03/23/2021,03/23/2021
"25,424",GL ARD XFER,GL ARD XFER,,0,0,,,,,1.00,03/23/2021,03/24/2021
"25,425",GL CASH & CHECKS REV,GL CASH & CHECKS REV,,0,0,,,,,1.00,03/23/2021,03/23/2021
"25,426",GL CREDIT CARDS REV,GL CREDIT CARDS REV,,0,0,,,,,1.00,03/23/2021,03/23/2021
"25,427",GL DIRECT BILL XFRE REV,GL DIRECT BILL XFRE REV,,0,0,,,,,1.00,03/23/2021,03/23/2021
"25,428",GL MISC REV,GL MISC REV,,0,0,,,,,1.00,03/23/2021,03/23/2021
"25,429",GL MISC TAX REV,GL MISC TAX REV,,0,0,,,,,1.00,03/23/2021,03/23/2021
"25,430",GL PHONE REV,GL PHONE REV,,0,0,,,,,1.00,03/23/2021,03/23/2021
"25,431",GL ROOM REV,GL ROOM REV,,0,0,,,,,1.00,03/23/2021,03/23/2021
"25,432",GL ROOM TAX REV,GL ROOM TAX REV,,0,0,,,,,1.00,03/23/2021,03/23/2021
"25,433",Late C/I,Late C/I,,0,0,,,,,1.00,03/23/2021,03/23/2021
"25,434",No Show,No Show,,0,0,,,,,1.00,03/23/2021,03/23/2021
"25,435",Occupancy %,Occupancy %,,440,0,,90002-419,,Occy,1.00,03/23/2021,12/28/2021
"25,436",Occupied,Occupied,,442,0,,90006-423,,Rooms Sold,1.00,03/23/2021,12/28/2021
"25,437",Out of Service,Out of Service,,195,0,,90005-424,,OOS,1.00,03/23/2021,12/28/2021
"25,438",RevPar,RevPar,,441,0,,90003-420,,RevPAR,1.00,03/23/2021,12/28/2021
"25,439",Total Rm Rev,Total Rm Rev,,0,0,,,,,1.00,03/23/2021,03/23/2021
"25,441",REF-Rev,REFERRAL,,0,0,,,,,1.00,03/30/2021,03/30/2021
"25,442",REF-Stat,REFERRAL,,0,0,,,,,1.00,03/30/2021,03/30/2021
"25,443",GL DIRECT BILL XFERS REV,GL DIRECT BILL XFERS REV,,0,0,,,,,1.00,03/31/2021,03/31/2021
"25,444",ATBI,Adjust TBID,,455,1,Marina Beach Motel,20103-662,,Tax Payable: Tourist Tax Payable,1.00,04/14/2021,02/05/2024
"25,445",DX,DB CREDIT,,450,4,Best Western University Lodge,10003-657,,Deposits in Transit : BW Points/CLC/Travel Card Reimbursements,1.00,01/07/2021,02/24/2022
"25,446",VISCTR-Rev,VISITOR CENTER,,0,0,,,,,1.00,07/14/2021,07/14/2021
"25,447",KEYT-Rev,KEYT or KCOY,,0,0,,,,,1.00,08/19/2021,08/19/2021
"25,448",NCEAS-Rev,NCEAS,,0,0,,,,,1.00,08/22/2021,08/22/2021
"25,449",GOOGL-Rev,EGoogle,,0,0,,,,,1.00,09/24/2021,09/24/2021
"25,450",GOOGL-Stat,EGoogle,,0,0,,,,,1.00,09/24/2021,12/30/2021
"25,451",TBID,TOURISM BUS IMP,,455,0,,20103-662,,Tax Payable: Tourist Tax Payable,1.00,09/24/2021,02/05/2024
"25,453",CHECKS,CHECKS,,457,6,Sawtooth Inn,60010-667,,Cash Over/Under,-1.00,01/07/2021,10/20/2021
"25,454",CK,PAYMENT CHECK,GstCheck,0,6,Sawtooth Inn,,,,-1.00,01/07/2021,10/20/2021
"25,455",CK,PAYMENT CHECK,GstCheck,0,1,Marina Beach Motel,,,,-1.00,01/07/2021,10/20/2021
"25,456",CR,REFUND CASH,GstCash,0,6,Sawtooth Inn,,,,-1.00,01/07/2021,10/20/2021
"25,457",AX,PAYMENT AMEX,GstPMSAX,0,6,Sawtooth Inn,,,,-1.00,01/07/2021,10/20/2021
"25,458",AX,PAYMENT AMEX,GstPMSAX,0,1,Marina Beach Motel,,,,-1.00,01/07/2021,10/20/2021
"25,459",DN,PAYMENT DINERS,GstPMSDI,0,6,Sawtooth Inn,,,,-1.00,01/07/2021,10/20/2021
"25,460",DN,PAYMENT DINERS,GstPMSDI,0,1,Marina Beach Motel,,,,-1.00,01/07/2021,10/20/2021
"25,461",JB,PAYMENT JCB,,0,6,Sawtooth Inn,,,,1.00,01/20/2021,10/20/2021
"25,462",DM,PAYMENT VISA/MC,GstPMSMCV,0,6,Sawtooth Inn,,,,-1.00,01/20/2021,10/20/2021
"25,463",X4,PET CHARGE,,332,6,Sawtooth Inn,40120-635,,Revenues : Other Revenue,1.00,01/07/2021,10/20/2021
"25,464",LO,LODGING TAX,,455,6,Sawtooth Inn,20103-662,,Tax Payable: Tourist Tax Payable,1.00,01/20/2021,10/26/2021
"25,465",LO,LODGING TAX,,455,1,Marina Beach Motel,20103-662,,Tax Payable: Tourist Tax Payable,1.00,01/20/2021,10/26/2021
"25,466",RD,RATE DISCOUNT,,216,6,Sawtooth Inn,40110-634,18,Revenue - Direct Booking,1.00,01/07/2021,10/21/2021
"25,467",8G,REFUND AD DINER,GstPMSDI,0,6,Sawtooth Inn,,,,-1.00,01/19/2021,10/21/2021
"25,468",8G,REFUND AD DINER,GstPMSDI,0,1,Marina Beach Motel,,,,-1.00,01/19/2021,10/21/2021
"25,471",DV,DB PAID VS/MC,GstPMSMCV,0,6,Sawtooth Inn,,,,-1.00,01/07/2021,10/21/2021
"25,472",GL CASH & CHECKS REV,GL CASH & CHECKS REV,,0,6,Sawtooth Inn,,,,1.00,03/23/2021,10/21/2021
"25,473",GL CREDIT CARDS REV,GL CREDIT CARDS REV,,0,6,Sawtooth Inn,,,,1.00,03/23/2021,10/21/2021
"25,474",GL DIRECT BILL XFRE REV,GL DIRECT BILL XFRE REV,,0,6,Sawtooth Inn,,,,1.00,03/23/2021,10/21/2021
"25,475",GL ROOM REV,GL ROOM REV,,0,6,Sawtooth Inn,,,,1.00,03/23/2021,10/21/2021
"25,476",GL ROOM TAX REV,GL ROOM TAX REV,,0,6,Sawtooth Inn,,,,1.00,03/23/2021,10/21/2021
"25,477",AMEX,AMEX,,470,6,Sawtooth Inn,10250-684,,Cash in Bank : Cash in Checking-WFB-2478,-1.00,01/07/2021,10/21/2021
"25,478",CASH,CASH,,457,6,Sawtooth Inn,60010-667,,Cash Over/Under,-1.00,01/07/2021,10/21/2021
"25,479",DINERS CARD,DINERS CARD,,470,6,Sawtooth Inn,10250-684,,Cash in Bank : Cash in Checking-WFB-2478,-1.00,01/07/2021,10/21/2021
"25,480",DISCOVER,DISCOVER,,470,6,Sawtooth Inn,10250-684,,Cash in Bank : Cash in Checking-WFB-2478,-1.00,01/07/2021,10/21/2021
"25,481",VISA/MASTER,VISA/MASTER,,470,6,Sawtooth Inn,10250-684,,Cash in Bank : Cash in Checking-WFB-2478,-1.00,01/07/2021,10/21/2021
"25,482",X1,ROLLAWAY,,332,1,Marina Beach Motel,40120-635,,Revenues : Other Revenue,1.00,01/07/2021,10/22/2021
"25,483",X2,CRIB,,332,1,Marina Beach Motel,40120-635,,Revenues : Other Revenue,1.00,01/07/2021,10/22/2021
"25,484",X3,EXTRA PERSON,,332,1,Marina Beach Motel,40120-635,,Revenues : Other Revenue,1.00,01/07/2021,10/22/2021
"25,485",X4,PET CHARGE,,332,1,Marina Beach Motel,40120-635,,Revenues : Other Revenue,1.00,01/07/2021,10/22/2021
"25,486",X5,Bouquet,,332,1,Marina Beach Motel,40120-635,,Revenues : Other Revenue,1.00,01/07/2021,10/22/2021
"25,487",X6,Truffles,,332,1,Marina Beach Motel,40120-635,,Revenues : Other Revenue,1.00,01/07/2021,10/22/2021
"25,488",X7,Bouquet and Truffles,,332,1,Marina Beach Motel,40120-635,,Revenues : Other Revenue,1.00,01/07/2021,10/22/2021
"25,489",bear,Bear World Ticket Sales,,332,3,Driftwood Inn,40120-635,,Revenues : Other Revenue,1.00,01/20/2021,10/22/2021
"25,490",Pet,PET CHARGE,,332,3,Driftwood Inn,40120-635,,Revenues : Other Revenue,1.00,01/20/2021,10/22/2021
"25,491",PT,PET DEPOSIT,,332,3,Driftwood Inn,40120-635,,Revenues : Other Revenue,1.00,01/20/2021,10/22/2021
"25,492",Roll,ROLLAWAY,,332,3,Driftwood Inn,40120-635,,Revenues : Other Revenue,1.00,01/20/2021,10/22/2021
"25,493",SHIP,Shipping Guest Items,,0,3,Driftwood Inn,,,,1.00,01/20/2021,10/22/2021
"25,494",SN,Snack Shop,,332,3,Driftwood Inn,40120-635,,Revenues : Other Revenue,1.00,01/20/2021,10/22/2021
"25,495",Corp-Stat,Corporate Travel,,0,6,Sawtooth Inn,,,,1.00,01/20/2021,12/30/2021
"25,497",AAA-stat,AAA,,0,6,Sawtooth Inn,,,,1.00,01/07/2021,12/30/2021
"25,498",MA,misc.ADJ TAXBLE,,332,7,Best Western Plus Ponderay Mountain Lodge,40120-635,,Revenues : Other Revenue,1.00,01/07/2021,10/26/2021
"25,499",MA,misc.ADJ TAXBLE,,332,1,Marina Beach Motel,40120-635,,Revenues : Other Revenue,1.00,01/07/2021,10/26/2021
"25,500",Roll,ROLLAWAY,,332,7,Best Western Plus Ponderay Mountain Lodge,40120-635,,Revenues : Other Revenue,1.00,01/20/2021,10/26/2021
"25,501",8G,REFUND AD DINER,GstPMSDI,0,7,Best Western Plus Ponderay Mountain Lodge,,,,-1.00,01/19/2021,10/26/2021
"25,503",DBAX,PAYMENT AMEX,GstPMSAX,0,7,Best Western Plus Ponderay Mountain Lodge,,,,-1.00,01/20/2021,02/21/2022
"25,504",DBAX,PAYMENT AMEX,,0,1,Marina Beach Motel,,,,-1.00,01/20/2021,10/26/2021
"25,505",BW-Stat,Best Western Member,,0,7,Best Western Plus Ponderay Mountain Lodge,,,,1.00,01/20/2021,12/30/2021
"25,506",2PK1,Birthday Package,,0,0,,,,,1.00,10/26/2021,10/26/2021
"25,507",91,SALES TAX,,455,9,Lakeside Lodge & Suites,20103-662,,Tax Payable: Tourist Tax Payable,1.00,10/26/2021,12/06/2021
"25,508",AC,Conf. Rm. Adjust (-),,0,0,,,,,-1.00,10/26/2021,03/04/2022
"25,509",ACA,CONF ALCOHOL ADJUST (-),,0,0,,,,,1.00,10/26/2021,10/26/2021
"25,510",ACRF,Conf Rm Food Adjust (-),,0,0,,,,,1.00,10/26/2021,10/26/2021
"25,511",ALT,Lodging Tax Adjust (-),,455,6,Sawtooth Inn,20103-662,,Tax Payable: Tourist Tax Payable,1.00,10/26/2021,11/22/2021
"25,512",BK,Breakfast,,332,6,Sawtooth Inn,40120-635,,Revenues : Other Revenue,1.00,10/26/2021,01/28/2022
"25,513",C G,Conf. Gratuity,,0,0,,,,,1.00,10/26/2021,10/26/2021
"25,514",CAN,CONF. ALC. NONTAXABLE,,0,0,,,,,1.00,10/26/2021,10/26/2021
"25,515",CE,CONF. EQUIPMENT,,0,0,,,,,1.00,10/26/2021,10/26/2021
"25,516",CEN,CONF. EQUIP. NONTAXABLE,,0,0,,,,,1.00,10/26/2021,10/26/2021
"25,517",CF,CONF. FOOD,,0,0,,,,,1.00,10/26/2021,10/26/2021
"25,518",CFN,CONF. RM NONTAXABLE,,0,0,,,,,1.00,10/26/2021,10/26/2021
"25,519",CFNT,Conf. Fd Nontaxable,,0,0,,,,,1.00,10/26/2021,10/26/2021
"25,520",CM,CONF. MISC.,,0,0,,,,,1.00,10/26/2021,10/26/2021
"25,521",CMN,CONF. MISC. NONTAXABLE,,0,0,,,,,1.00,10/26/2021,10/26/2021
"25,522",DAX,DB American Express,GstPMSAX,0,0,,,,,-1.00,10/26/2021,11/22/2021
"25,523",DBR,DB Refund,,0,0,,,,,1.00,10/26/2021,10/26/2021
"25,524",DBRV,DB Refund V/MC,GstPMSMCV,0,0,,,,,-1.00,10/26/2021,11/22/2021
"25,525",DVM,DB PYMT V/MC,GstPMSMCV,0,0,,,,,-1.00,10/26/2021,11/22/2021
"25,526",GL CASH & CHECKS,GL CASH & CHECKS,,0,0,,,,,1.00,10/26/2021,10/26/2021
"25,527",GL CREDIT CARDS,GL CREDIT CARDS,,0,0,,,,,1.00,10/26/2021,10/26/2021
"25,528",GL DIRECT BILL XFERS,GL DIRECT BILL XFERS,,0,0,,,,,1.00,10/26/2021,10/26/2021
"25,529",GL MEETING ROOM,GL MEETING ROOM,,0,0,,,,,1.00,10/26/2021,10/26/2021
"25,530",GL ROOM CHARGE TAX,GL ROOM CHARGE TAX,,0,0,,,,,1.00,10/26/2021,10/26/2021
"25,531",GL ROOM CHARGES,GL ROOM CHARGES,,0,0,,,,,1.00,10/26/2021,10/26/2021
"25,532",HT,HOUSEKEEPING TIP,,0,0,,,,,1.00,10/26/2021,10/26/2021
"25,533",MAN,MISC ADJUST NONTX,,332,0,,40120-635,,Revenues : Other Revenue,1.00,10/26/2021,11/22/2021
"25,534",MEET,MEETING ROOM CHARGE,,0,0,,,,,1.00,10/26/2021,10/26/2021
"25,535",MT,Misc. Taxable,,332,6,Sawtooth Inn,40120-635,,Revenues : Other Revenue,1.00,10/26/2021,01/28/2022
"25,536",PA,PHONE ADMIN,,0,0,,,,,1.00,10/26/2021,10/26/2021
"25,537",PAX,PAYMENT AMEX,GstPMSAX,0,6,Sawtooth Inn,,,,-1.00,10/26/2021,10/29/2021
"25,538",PCK,PAYMENT CHECK,GstCheck,0,0,,,,,-1.00,10/26/2021,11/22/2021
"25,539",PDC,PAYMENT DISCOVR,GstPMSDV,0,0,,,,,-1.00,10/26/2021,11/22/2021
"25,540",PDN,PAYMENT DINERS,GstPMSDI,0,0,,,,,-1.00,10/26/2021,11/22/2021
"25,541",PJCB,PAYMENT JCB,,0,0,,,,,-1.00,10/26/2021,11/22/2021
"25,542",PL,PHONE LOSS (LD),,0,0,,,,,1.00,10/26/2021,10/26/2021
"25,543",PUC,PHONE USE CHARGE,,0,0,,,,,1.00,10/26/2021,10/26/2021
"25,544",PV,PAYMENT VISA/MC,GstPMSMCV,0,6,Sawtooth Inn,,,,-1.00,10/26/2021,10/29/2021
"25,545",RAC,ROLLAWAY CHG,,0,0,,,,,1.00,10/26/2021,10/26/2021
"25,546",REFC,REFUND CASH,GstCash,0,0,,,,,-1.00,10/26/2021,11/22/2021
"25,547",SF,SAFE,,0,0,,,,,1.00,10/26/2021,10/26/2021
"25,548",SHA,Social Hour Adjust (-),,497,6,Sawtooth Inn,40121-724,,Revenues: Other Revenue: Alcohol Sales,1.00,10/26/2021,10/24/2022
"25,549",SHC,Social Hour Charge,,497,6,Sawtooth Inn,40121-724,,Revenues: Other Revenue: Alcohol Sales,1.00,10/26/2021,10/24/2022
"25,550",STA,Sales Tax Adjust (-),,455,6,Sawtooth Inn,20103-662,,Tax Payable: Tourist Tax Payable,1.00,10/26/2021,10/16/2023
"25,551",STMP,Stamps Nontaxable,,332,0,,40120-635,,Revenues : Other Revenue,1.00,10/26/2021,02/11/2025
"25,552",SUSA,Sundries Shop Adjust (-),,332,6,Sawtooth Inn,40120-635,,Revenues : Other Revenue,1.00,10/26/2021,01/28/2022
"25,553",SUSC,Sundries Shop Charge,,332,6,Sawtooth Inn,40120-635,,Revenues : Other Revenue,1.00,10/26/2021,01/28/2022
"25,554",TC,Travel Card Pymnt,,0,0,,,,,1.00,10/26/2021,10/26/2021
"25,555",X10,2xBLANKET,,0,0,,,,,1.00,10/26/2021,10/26/2021
"25,556",X11,1xPILLOW,,332,6,Sawtooth Inn,40120-635,,Revenues : Other Revenue,1.00,10/26/2021,11/21/2023
"25,557",X12,2xPILLOW,,332,6,Sawtooth Inn,40120-635,,Revenues : Other Revenue,1.00,10/26/2021,11/21/2023
"25,558",X13,Cash Pymnt,,0,0,,,,,1.00,10/26/2021,10/26/2021
"25,559",X14,Pet Charge,,332,6,Sawtooth Inn,40120-635,,Revenues : Other Revenue,1.00,10/26/2021,06/10/2024
"25,560",X8,TUB SEAT,,0,0,,,,,1.00,10/26/2021,10/26/2021
"25,561",X9,1xBLANKET,,0,0,,,,,1.00,10/26/2021,10/26/2021
"25,562",AARP-Rev,AARP/Senior,,0,0,,,,,1.00,10/26/2021,10/26/2021
"25,563",AARP-Stat,AARP/Senior,,0,0,,,,,1.00,10/26/2021,10/26/2021
"25,564",BAR-Rev,Best Available Rate,,0,0,,,,,1.00,10/26/2021,10/26/2021
"25,565",BAR-Stat,Best Available Rate,,0,0,,,,,1.00,10/26/2021,10/26/2021
"25,566",CL-Rev,Corporate Lodging,,0,0,,,,,1.00,10/26/2021,10/26/2021
"25,567",CL-Stat,Corporate Lodging,,0,0,,,,,1.00,10/26/2021,10/26/2021
"25,568",CRS-Rev,CRS,,0,0,,,,,1.00,10/26/2021,10/26/2021
"25,569",CRS-Stat,CRS,,0,0,,,,,1.00,10/26/2021,10/26/2021
"25,570",EMP-Rev,Employee,,0,0,,,,,1.00,10/26/2021,10/26/2021
"25,571",EMP-Stat,Employee,,0,0,,,,,1.00,10/26/2021,10/26/2021
"25,572",GOVT-Rev,Government,,0,0,,,,,1.00,10/26/2021,10/26/2021
"25,573",GOVT-Stat,Government,,0,0,,,,,1.00,10/26/2021,10/26/2021
"25,574",GROUP-Rev,Group,,0,0,,,,,1.00,10/26/2021,10/26/2021
"25,575",GROUP-Stat,Group,,0,0,,,,,1.00,10/26/2021,10/26/2021
"25,576",MLTRY-Rev,Military,,0,0,,,,,1.00,10/26/2021,10/26/2021
"25,577",MLTRY-Stat,Military,,0,0,,,,,1.00,10/26/2021,10/26/2021
"25,578",TRKR-Rev,Trucker,,0,0,,,,,1.00,10/26/2021,10/26/2021
"25,579",TRKR-Stat,Trucker,,0,0,,,,,1.00,10/26/2021,10/26/2021
"25,580",MEET,MEETING ROOM CHARGE,,332,7,Best Western Plus Ponderay Mountain Lodge,40120-635,,Revenues : Other Revenue,1.00,10/26/2021,10/26/2021
"25,581",91,SALES TAX,,455,6,Sawtooth Inn,20103-662,,Tax Payable: Tourist Tax Payable,1.00,10/26/2021,10/16/2023
"25,582",91,SALES TAX,,455,1,Marina Beach Motel,20103-662,,Tax Payable: Tourist Tax Payable,1.00,10/26/2021,10/16/2023
"25,587",AARP-Stat,AARP/Senior,,0,6,Sawtooth Inn,,,,1.00,10/26/2021,12/30/2021
"25,588",BAR-Stat,Best Available Rate,,0,6,Sawtooth Inn,,,,1.00,10/26/2021,12/30/2021
"25,589",CL-Stat,Corporate Lodging,,0,6,Sawtooth Inn,,,,1.00,10/26/2021,12/30/2021
"25,590",CRS-Stat,CRS,,0,6,Sawtooth Inn,,,,1.00,10/26/2021,12/30/2021
"25,591",EMP-Stat,Employee,,0,6,Sawtooth Inn,,,,1.00,10/26/2021,12/30/2021
"25,592",GOVT-Stat,Government,,0,6,Sawtooth Inn,,,,1.00,10/26/2021,12/30/2021
"25,593",GROUP-Stat,Group,,0,6,Sawtooth Inn,,,,1.00,10/26/2021,12/30/2021
"25,594",MLTRY-Stat,Military,,0,6,Sawtooth Inn,,,,1.00,10/26/2021,12/30/2021
"25,595",TRKR-Stat,Trucker,,0,6,Sawtooth Inn,,,,1.00,10/26/2021,12/30/2021
"25,598",91A,ROOM TAX ADJ,,455,7,Best Western Plus Ponderay Mountain Lodge,20103-662,,Tax Payable: Tourist Tax Payable,1.00,10/29/2021,05/24/2022
"25,599",92A,SALES TAX ADJ,,0,0,,,,,1.00,10/29/2021,10/29/2021
"25,600",95,CITY LOCAL OPTION TAX,,455,7,Best Western Plus Ponderay Mountain Lodge,20103-662,,Tax Payable: Tourist Tax Payable,1.00,10/29/2021,11/01/2021
"25,601",9A,ROOM TAX ADJ,,455,5,The Vine Inn,20103-662,,Tax Payable: Tourist Tax Payable,1.00,10/29/2021,12/06/2021
"25,602",BW,REIMBURSEMENTS,,450,7,Best Western Plus Ponderay Mountain Lodge,10003-657,,Deposits in Transit : BW Points/CLC/Travel Card Reimbursements,1.00,10/29/2021,11/02/2021
"25,603",COF,COFFEE SERVICE,,332,7,Best Western Plus Ponderay Mountain Lodge,40120-635,,Revenues : Other Revenue,1.00,10/29/2021,11/01/2021
"25,604",COMP,COMP ROOM REV,,331,0,,40110-634,,Revenues : Room Revenue,1.00,10/29/2021,03/10/2025
"25,605",DBVS,DIRECT BILL PYMNT VISA,GstPMSMCV,0,7,Best Western Plus Ponderay Mountain Lodge,,,,-1.00,10/29/2021,02/21/2022
"25,606",GIFT,GIFT,,0,0,,,,,1.00,10/29/2021,10/16/2023
"25,607",MOV,IN-ROOM MOVIES CHRGS,,0,0,,,,,1.00,10/29/2021,10/29/2021
"25,608",MTRM,MEETING ROOM,,332,7,Best Western Plus Ponderay Mountain Lodge,40120-635,,Revenues : Other Revenue,1.00,10/29/2021,11/01/2021
"25,609",REST,RESTAURANT,,500,10,Crown City Inn,20300-815,,Restaurant Charge Payable,1.00,10/29/2021,10/16/2023
"25,610",SUN,SUNDRIES,,332,7,Best Western Plus Ponderay Mountain Lodge,40120-635,,Revenues : Other Revenue,1.00,10/29/2021,11/01/2021
"25,611",CO-Rev,Corporate,,0,0,,,,,1.00,10/29/2021,10/29/2021
"25,612",CO-Stat,Corporate,,0,7,Best Western Plus Ponderay Mountain Lodge,,,,1.00,10/29/2021,12/30/2021
"25,613",DI-Rev,Discount AAA AARP,,0,0,,,,,1.00,10/29/2021,10/29/2021
"25,614",DI-Stat,Discount AAA AARP,,0,7,Best Western Plus Ponderay Mountain Lodge,,,,1.00,10/29/2021,12/30/2021
"25,615",GOV-Rev,Government Employees,,0,0,,,,,1.00,10/29/2021,10/29/2021
"25,616",GOV-Stat,Government Employees,,0,0,,,,,1.00,10/29/2021,10/29/2021
"25,617",GR-Rev,group,,0,0,,,,,1.00,10/29/2021,10/29/2021
"25,618",GR-Stat,group,,0,0,,,,,1.00,10/29/2021,10/29/2021
"25,619",HU-Rev,House Use,,0,0,,,,,1.00,10/29/2021,10/29/2021
"25,620",HU-Stat,House Use,,0,7,Best Western Plus Ponderay Mountain Lodge,,,,1.00,10/29/2021,12/30/2021
"25,621",IN-Rev,Incentive,,0,0,,,,,1.00,10/29/2021,10/29/2021
"25,622",IN-Stat,Incentive,,0,7,Best Western Plus Ponderay Mountain Lodge,,,,1.00,10/29/2021,12/30/2021
"25,623",LE-Rev,Leisure,,0,0,,,,,1.00,10/29/2021,10/29/2021
"25,624",LE-Stat,Leisure,,0,7,Best Western Plus Ponderay Mountain Lodge,,,,1.00,10/29/2021,12/30/2021
"25,625",LN-Rev,Locally Negotiated Rates,,0,0,,,,,1.00,10/29/2021,10/29/2021
"25,626",LN-Stat,Locally Negotiated Rates,,0,7,Best Western Plus Ponderay Mountain Lodge,,,,1.00,10/29/2021,12/30/2021
"25,627",RR-Rev,Rack Rate,,0,0,,,,,1.00,10/29/2021,10/29/2021
"25,628",RR-Stat,Rack Rate,,0,7,Best Western Plus Ponderay Mountain Lodge,,,,1.00,10/29/2021,12/30/2021
"25,629",92A,SALES TAX ADJ,,455,7,Best Western Plus Ponderay Mountain Lodge,20103-662,,Tax Payable: Tourist Tax Payable,1.00,10/29/2021,05/24/2022
"25,630",92A,SALES TAX ADJ,,455,1,Marina Beach Motel,20103-662,,Tax Payable: Tourist Tax Payable,1.00,10/29/2021,10/16/2023
"25,631",GM-Rev,Government/Military,,0,0,,,,,1.00,11/16/2021,11/16/2021
"25,632",GM-Stat,Government/Military,,0,0,,,,,1.00,11/16/2021,11/16/2021
"25,633",UCD-Rev,UC Davis,,0,0,,,,,1.00,11/16/2021,11/16/2021
"25,634",UCD-Stat,UC Davis,,0,0,,,,,1.00,11/16/2021,11/16/2021
"25,635",WALK-Rev,Walk In,,0,0,,,,,1.00,11/16/2021,11/16/2021
"25,636",WALK-Stat,Walk In,,0,0,,,,,1.00,11/16/2021,11/16/2021
"25,637",94,ROOM TAX,,0,0,,,,,1.00,11/16/2021,11/16/2021
"25,638",9C,AD FORFEIT CASH,,0,0,,,,,1.00,11/16/2021,11/16/2021
"25,639",9G,AD FORFEIT DINR,,0,0,,,,,1.00,11/16/2021,11/16/2021
"25,640",9H,AD FORFEIT CHCK,,0,0,,,,,1.00,11/16/2021,11/16/2021
"25,641",9I,AD FORFEIT DISC,,0,0,,,,,1.00,11/16/2021,11/16/2021
"25,642",9V,AD FORFEIT VISA,,0,0,,,,,1.00,11/16/2021,11/16/2021
"25,643",AH,CHECK-WALK IN,,0,0,,,,,1.00,11/16/2021,11/16/2021
"25,644",CITY 002,CITY 002,,0,0,,,,,1.00,11/16/2021,11/16/2021
"25,645",CITY 016,CITY 016,GstXfer,0,8,El Bonita Motel,,,,1.00,11/16/2021,02/21/2022
"25,646",CITY 017,CITY 017,,0,0,,,,,1.00,11/16/2021,11/16/2021
"25,647",CITY 018,CITY 018,,0,0,,,,,1.00,11/16/2021,11/16/2021
"25,648",DP,DB PYMT CASH,GstCash,0,8,El Bonita Motel,,,,-1.00,11/16/2021,02/21/2022
"25,649",GUEST 001,GUEST 001,,0,0,,,,,1.00,11/16/2021,11/16/2021
"25,650",GUEST 002,GUEST 002,,0,0,,,,,1.00,11/16/2021,11/16/2021
"25,651",GUEST 003,GUEST 003,,0,0,,,,,1.00,11/16/2021,11/16/2021
"25,652",GUEST 010,GUEST 010,,0,0,,,,,1.00,11/16/2021,11/16/2021
"25,653",GUEST 011,GUEST 011,,0,0,,,,,1.00,11/16/2021,11/16/2021
"25,654",GUEST 020,GUEST 020,,0,0,,,,,1.00,11/16/2021,11/16/2021
"25,655",GUEST 021,GUEST 021,,0,0,,,,,1.00,11/16/2021,11/16/2021
"25,656",GUEST 024,GUEST 024,,0,0,,,,,1.00,11/16/2021,11/16/2021
"25,657",GUEST 025,GUEST 025,,0,0,,,,,1.00,11/16/2021,11/16/2021
"25,658",MM,MAT  MAP,,0,0,,,,,1.00,11/16/2021,11/16/2021
"25,659",NG,NAPA GUIDE,,0,0,,,,,1.00,11/16/2021,11/16/2021
"25,660",PO,PAID OUT OFFICE,,0,0,,,,,1.00,11/16/2021,11/16/2021
"25,661",TM,TOUR MAP,,0,0,,,,,1.00,11/16/2021,11/16/2021
"25,662",X,EXTRAS,,332,0,,40120-635,,Revenues : Other Revenue,1.00,11/16/2021,11/22/2021
"25,663",BOOKC-Rev,MBOOKING.COM,,0,0,,,,,1.00,11/16/2021,11/16/2021
"25,664",BOOKC-Stat,MBOOKING.COM,,0,0,,,,,1.00,11/16/2021,11/16/2021
"25,665",CIA-Rev,CULINARY INSTITUTE,,0,0,,,,,1.00,11/16/2021,11/16/2021
"25,666",CIA-Stat,CULINARY INSTITUTE,,0,0,,,,,1.00,11/16/2021,11/16/2021
"25,667",EXPDIA-Rev,EXPEDIA,,0,0,,,,,1.00,11/16/2021,11/16/2021
"25,668",EXPDIA-Stat,EXPEDIA,,0,0,,,,,1.00,11/16/2021,11/16/2021
"25,669",INT-Rev,INTERNET,,0,0,,,,,1.00,11/16/2021,11/16/2021
"25,670",INT-Stat,INTERNET,,0,0,,,,,1.00,11/16/2021,11/16/2021
"25,671",RACK-Rev,PUBLISHED RATES,,0,0,,,,,1.00,11/16/2021,11/16/2021
"25,672",RACK-Stat,PUBLISHED RATES,,0,0,,,,,1.00,11/16/2021,11/16/2021
"25,673",TONIGH-Rev,HOTEL TONIGHT,,0,0,,,,,1.00,11/16/2021,11/16/2021
"25,674",TONIGH-Stat,HOTEL TONIGHT,,0,8,El Bonita Motel,,,,1.00,11/16/2021,12/30/2021
"25,675",86,ADV DEPOSIT FORFIET,,332,9,Lakeside Lodge & Suites,40120-635,,Revenues : Other Revenue,1.00,11/16/2021,05/24/2022
"25,676",87,ADV DEP FORFIET ADJ,,332,9,Lakeside Lodge & Suites,40120-635,,Revenues : Other Revenue,1.00,11/16/2021,05/24/2022
"25,677",ADV DEP XFERS,ADV DEP XFERS,,0,0,,,,,1.00,11/16/2021,11/16/2021
"25,678",ADV DEPOSIT,ADV DEPOSIT,AdvDepToGstLedger,0,9,Lakeside Lodge & Suites,,,,1.00,11/16/2021,12/01/2021
"25,679",CHECK,CHECK,,0,0,,,,,1.00,11/16/2021,11/16/2021
"25,680",DCA,DB PAID CASH,,0,0,,,,,1.00,11/16/2021,11/16/2021
"25,681",DINERS,DINERS,,0,0,,,,,1.00,11/16/2021,11/16/2021
"25,682",DIRECT BILLS,DIRECT BILLS,GstXfer,0,9,Lakeside Lodge & Suites,,,,1.00,11/16/2021,12/01/2021
"25,683",GIFT CERT CONTROL,GIFT CERT CONTROL,,0,0,,,,,1.00,11/16/2021,11/16/2021
"25,684",GU,GIFT CERT USED,GstCash,0,9,Lakeside Lodge & Suites,,,,-1.00,11/16/2021,05/24/2022
"25,685",JCB,JCB,,0,0,,,,,1.00,11/16/2021,11/16/2021
"25,686",LOSS,LOSS,,0,0,,,,,1.00,11/16/2021,11/16/2021
"25,687",MISC REVENUE,MISC REVENUE,,0,0,,,,,1.00,11/16/2021,11/16/2021
"25,688",PHONE EREVNUE,PHONE EREVNUE,,0,0,,,,,1.00,11/16/2021,11/16/2021
"25,689",REVENUE TAXES,REVENUE TAXES,,0,0,,,,,1.00,11/16/2021,11/16/2021
"25,690",ROOM REVENUE,ROOM REVENUE,,0,0,,,,,1.00,11/16/2021,11/16/2021
"25,691",SB,SOUP BAR,,0,0,,,,,1.00,11/16/2021,11/16/2021
"25,692",SW,SLIDE WATER TICKETS,,0,0,,,,,1.00,11/16/2021,11/16/2021
"25,693",VISA/MC,VISA/MC,,0,0,,,,,1.00,11/16/2021,11/16/2021
"25,694",101TTD-Rev,101 THINGS TO DO GUIDE,,0,0,,,,,1.00,11/16/2021,11/16/2021
"25,695",101TTD-Stat,101 THINGS TO DO GUIDE,,0,0,,,,,1.00,11/16/2021,11/16/2021
"25,696",AE-Rev,ATHLETIC EVENT,,0,0,,,,,1.00,11/16/2021,11/16/2021
"25,697",AE-Stat,ATHLETIC EVENT,,0,0,,,,,1.00,11/16/2021,11/16/2021
"25,698",CC-Rev,CHELAN CHAMBER,,0,0,,,,,1.00,11/16/2021,11/16/2021
"25,699",CC-Stat,CHELAN CHAMBER,,0,0,,,,,1.00,11/16/2021,11/16/2021
"25,700",CG-Rev,CONFERENCE GROUP,,0,0,,,,,1.00,11/16/2021,11/16/2021
"25,701",CG-Stat,CONFERENCE GROUP,,0,0,,,,,1.00,11/16/2021,11/16/2021
"25,702",CR-Rev,CENTRAL RESERVATIONS,,0,0,,,,,1.00,11/16/2021,11/16/2021
"25,703",CR-Stat,CENTRAL RESERVATIONS,,0,0,,,,,1.00,11/16/2021,11/16/2021
"25,704",DRIVIN-Rev,DRIVING BY,,0,0,,,,,1.00,11/16/2021,11/16/2021
"25,705",DRIVIN-Stat,DRIVING BY,,0,0,,,,,1.00,11/16/2021,11/16/2021
"25,706",FR-Rev,FRIEND REFFERED,,0,0,,,,,1.00,11/16/2021,11/16/2021
"25,707",FR-Stat,FRIEND REFFERED,,0,0,,,,,1.00,11/16/2021,11/16/2021
"25,708",GLFPKG-Rev,GOLF PACKAGE,,0,0,,,,,1.00,11/16/2021,11/16/2021
"25,709",GLFPKG-Stat,GOLF PACKAGE,,0,0,,,,,1.00,11/16/2021,11/16/2021
"25,710",MBC-Rev,MILL BAY CASINO,,0,0,,,,,1.00,11/16/2021,11/16/2021
"25,711",MBC-Stat,MILL BAY CASINO,,0,0,,,,,1.00,11/16/2021,11/16/2021
"25,712",NET-Rev,INTERNET,,0,0,,,,,1.00,11/16/2021,11/16/2021
"25,713",NET-Stat,INTERNET,,0,0,,,,,1.00,11/16/2021,11/16/2021
"25,714",RA-Rev,RADOI ADVERTISEMENT,,0,0,,,,,1.00,11/16/2021,11/16/2021
"25,715",RA-Stat,RADOI ADVERTISEMENT,,0,0,,,,,1.00,11/16/2021,11/16/2021
"25,716",RETRET-Rev,RETREAT/GROUP,,0,0,,,,,1.00,11/16/2021,11/16/2021
"25,717",RETRET-Stat,RETREAT/GROUP,,0,0,,,,,1.00,11/16/2021,11/16/2021
"25,718",RR/G-Rev,REPEAT RETREAT/GROUP,,0,0,,,,,1.00,11/16/2021,11/16/2021
"25,719",RR/G-Stat,REPEAT RETREAT/GROUP,,0,0,,,,,1.00,11/16/2021,11/16/2021
"25,720",SNO-MO-Rev,SNO-MO PACKAGES,,0,0,,,,,1.00,11/16/2021,11/16/2021
"25,721",SNO-MO-Stat,SNO-MO PACKAGES,,0,0,,,,,1.00,11/16/2021,11/16/2021
"25,722",ST-Rev,SEATTLE TIMES,,0,0,,,,,1.00,11/16/2021,11/16/2021
"25,723",ST-Stat,SEATTLE TIMES,,0,0,,,,,1.00,11/16/2021,11/16/2021
"25,724",WEB-Rev,WEBSITE,,0,0,,,,,1.00,11/16/2021,11/16/2021
"25,725",WEB-Stat,WEBSITE,,0,0,,,,,1.00,11/16/2021,11/16/2021
"25,726",YP-Rev,YELLOW PAGES,,0,0,,,,,1.00,11/16/2021,11/16/2021
"25,727",YP-Stat,YELLOW PAGES,,0,0,,,,,1.00,11/16/2021,11/16/2021
"25,728",2,RM CHG,,0,0,,,,,1.00,11/16/2021,11/16/2021
"25,729",5,RM CHG EXEMPT,,216,4,Best Western University Lodge,40110-634,18,Revenue - Direct Booking,1.00,11/16/2021,12/01/2021
"25,730",7E,ADV DEP ENROUTE,,0,0,,,,,1.00,11/16/2021,11/16/2021
"25,731",7L,ADV DEP JAL,,0,0,,,,,1.00,11/16/2021,11/16/2021
"25,732",8E,REFUND AD ENRTE,,0,0,,,,,1.00,11/16/2021,11/16/2021
"25,733",8L,REFUND AD JAL,,0,0,,,,,1.00,11/16/2021,11/16/2021
"25,734",90,Yolo County Tourism Bureau Tax,,0,0,,,,,1.00,11/16/2021,11/16/2021
"25,735",9B,AD FORFEIT JCB,,0,0,,,,,1.00,11/16/2021,11/16/2021
"25,736",9E,AD FORFEIT ENRT,,0,0,,,,,1.00,11/16/2021,11/16/2021
"25,737",9L,AD FORFEIT JAL,,0,0,,,,,1.00,11/16/2021,11/16/2021
"25,738",ADMIN & LOSS,ADMIN & LOSS,,0,0,,,,,1.00,11/16/2021,11/16/2021
"25,739",BF,BANQUET FOOD,,0,0,,,,,1.00,11/16/2021,11/16/2021
"25,740",BL,BANQUET LIQUOR,,0,0,,,,,1.00,11/16/2021,11/16/2021
"25,741",GL ADV TRANSFERS,GL ADV TRANSFERS,,0,0,,,,,1.00,11/16/2021,11/16/2021
"25,742",GL BANQUET,GL BANQUET,,0,0,,,,,1.00,11/16/2021,11/16/2021
"25,743",GL BANQUET LIQUOR,GL BANQUET LIQUOR,,0,0,,,,,1.00,11/16/2021,11/16/2021
"25,744",GL DIRECT BILL,GL DIRECT BILL,,0,0,,,,,1.00,11/16/2021,11/16/2021
"25,745",GL MISCELLANEOUS,GL MISCELLANEOUS,,0,0,,,,,1.00,11/16/2021,11/16/2021
"25,746",GL PHONE CHARGES,GL PHONE CHARGES,,0,0,,,,,1.00,11/16/2021,11/16/2021
"25,747",GL ROOM CHARGE NO TAX,GL ROOM CHARGE NO TAX,,0,0,,,,,1.00,11/16/2021,11/16/2021
"25,748",GL ROOM TAX,GL ROOM TAX,,0,0,,,,,1.00,11/16/2021,11/16/2021
"25,749",PF,Pet Fee,,0,0,,,,,1.00,11/16/2021,11/16/2021
"25,750",RT,RESTAURANT,,0,0,,,,,1.00,11/16/2021,11/16/2021
"25,751",RX,RESTAURANT TAX,,0,0,,,,,1.00,11/16/2021,11/16/2021
"25,752",CTS-Rev,CTS TRAVEL / UCD,,0,0,,,,,1.00,11/16/2021,11/16/2021
"25,753",CTS-Stat,CTS TRAVEL / UCD,,0,0,,,,,1.00,11/16/2021,11/16/2021
"25,754",GCC-Rev,GOLD CROWN CLUB MEMBERS,,0,0,,,,,1.00,11/16/2021,11/16/2021
"25,755",GCC-Stat,GOLD CROWN CLUB MEMBERS,,0,0,,,,,1.00,11/16/2021,11/16/2021
"25,756",GRP-Rev,GROUP SALES,,0,0,,,,,1.00,11/16/2021,11/16/2021
"25,757",GRP-Stat,GROUP SALES,,0,0,,,,,1.00,11/16/2021,11/16/2021
"25,758",UNIV-Rev,NEW UCD REFERRAL CODE,,0,0,,,,,1.00,11/16/2021,11/16/2021
"25,759",UNIV-Stat,NEW UCD REFERRAL CODE,,0,0,,,,,1.00,11/16/2021,11/16/2021
"25,760",DX,DB CREDIT,,450,0,,10003-657,,Deposits in Transit : BW Points/CLC/Travel Card Reimbursements,1.00,01/07/2021,02/24/2022
"25,761",VISA/MASTER,VISA/MASTER,,464,9,Lakeside Lodge & Suites,10210-678,,Cash in Bank : Cash in Checking-WFB-7252,-1.00,01/07/2021,11/22/2021
"25,762",CHECKS,CHECKS,,457,9,Lakeside Lodge & Suites,60010-667,,Cash Over/Under,-1.00,01/07/2021,12/28/2021
"25,763",AMEX,AMEX,,464,9,Lakeside Lodge & Suites,10210-678,,Cash in Bank : Cash in Checking-WFB-7252,-1.00,01/07/2021,11/23/2021
"25,764",DISCOVER,DISCOVER,,464,9,Lakeside Lodge & Suites,10210-678,,Cash in Bank : Cash in Checking-WFB-7252,-1.00,01/07/2021,11/23/2021
"25,765",CASH,CASH,,457,9,Lakeside Lodge & Suites,60010-667,,Cash Over/Under,-1.00,01/07/2021,12/28/2021
"25,766",CASH,CASH,,457,10,Crown City Inn,60010-667,,Cash Over/Under,-1.00,01/07/2021,10/19/2023
"25,767",101TTD-Stat,101 THINGS TO DO GUIDE,,0,9,Lakeside Lodge & Suites,,,,1.00,11/16/2021,12/30/2021
"25,768",AE-Stat,ATHLETIC EVENT,,0,9,Lakeside Lodge & Suites,,,,1.00,11/16/2021,12/30/2021
"25,769",CC-Stat,CHELAN CHAMBER,,0,9,Lakeside Lodge & Suites,,,,1.00,11/16/2021,12/30/2021
"25,770",CG-Stat,CONFERENCE GROUP,,0,9,Lakeside Lodge & Suites,,,,1.00,11/16/2021,12/30/2021
"25,771",CR-Stat,CENTRAL RESERVATIONS,,0,9,Lakeside Lodge & Suites,,,,1.00,11/16/2021,12/30/2021
"25,772",CL-Stat,Corporate Lodging,,0,9,Lakeside Lodge & Suites,,,,1.00,10/26/2021,12/30/2021
"25,773",CL-Stat,Corporate Lodging,,0,1,Marina Beach Motel,,,,1.00,10/26/2021,12/30/2021
"25,774",FR-Stat,FRIEND REFFERED,,0,9,Lakeside Lodge & Suites,,,,1.00,11/16/2021,12/30/2021
"25,775",WEB-Stat,WEBSITE,,0,9,Lakeside Lodge & Suites,,,,1.00,11/16/2021,12/30/2021
"25,776",GLFPKG-Stat,GOLF PACKAGE,,0,9,Lakeside Lodge & Suites,,,,1.00,11/16/2021,12/30/2021
"25,777",MBC-Stat,MILL BAY CASINO,,0,9,Lakeside Lodge & Suites,,,,1.00,11/16/2021,12/30/2021
"25,778",RA-Stat,RADOI ADVERTISEMENT,,0,9,Lakeside Lodge & Suites,,,,1.00,11/16/2021,12/30/2021
"25,779",RA-Stat,RADOI ADVERTISEMENT,,0,1,Marina Beach Motel,,,,1.00,11/16/2021,12/30/2021
"25,780",RETRET-Stat,RETREAT/GROUP,,0,9,Lakeside Lodge & Suites,,,,1.00,11/16/2021,12/30/2021
"25,781",RR/G-Stat,REPEAT RETREAT/GROUP,,0,9,Lakeside Lodge & Suites,,,,1.00,11/16/2021,12/30/2021
"25,782",SNO-MO-Stat,SNO-MO PACKAGES,,0,9,Lakeside Lodge & Suites,,,,1.00,11/16/2021,12/30/2021
"25,783",ST-Stat,SEATTLE TIMES,,0,9,Lakeside Lodge & Suites,,,,1.00,11/16/2021,12/30/2021
"25,784",YP-Stat,YELLOW PAGES,,0,9,Lakeside Lodge & Suites,,,,1.00,11/16/2021,12/30/2021
"25,785",YP-Stat,YELLOW PAGES,,0,1,Marina Beach Motel,,,,1.00,11/16/2021,12/30/2021
"25,786",DRIVIN-Stat,DRIVING BY,,0,9,Lakeside Lodge & Suites,,,,1.00,11/16/2021,12/30/2021
"25,787",NET-Stat,INTERNET,,0,9,Lakeside Lodge & Suites,,,,1.00,11/16/2021,12/30/2021
"25,788",NET-Stat,INTERNET,,0,1,Marina Beach Motel,,,,1.00,11/16/2021,12/30/2021
"25,789",9,ROOM TAX,,455,9,Lakeside Lodge & Suites,20103-662,,Tax Payable: Tourist Tax Payable,1.00,01/07/2021,11/23/2021
"25,790",9,ROOM TAX,,455,8,El Bonita Motel,20103-662,,Tax Payable: Tourist Tax Payable,1.00,01/07/2021,11/23/2021
"25,791",CASH,CASH,,457,8,El Bonita Motel,60010-667,,Cash Over/Under,-1.00,01/07/2021,12/28/2021
"25,792",CASH,CASH,,457,4,Best Western University Lodge,60010-667,,Cash Over/Under,-1.00,01/07/2021,12/28/2021
"25,793",CHECKS,CHECKS,,457,8,El Bonita Motel,60010-667,,Cash Over/Under,-1.00,01/07/2021,12/28/2021
"25,794",CHECKS,CHECKS,,457,10,Crown City Inn,60010-667,,Cash Over/Under,-1.00,01/07/2021,10/19/2023
"25,795",AMEX,AMEX,,490,8,El Bonita Motel,10172-755,,Cash in Bank : Cash in Ckg-EL BONITA INC-WFB-3541,-1.00,01/07/2021,10/12/2022
"25,796",AMEX,AMEX,,473,4,Best Western University Lodge,10270-687,,Cash in Bank : Cash in Checking-USB-4122,-1.00,01/07/2021,11/24/2021
"25,797",DISCOVER,DISCOVER,,490,8,El Bonita Motel,10172-755,,Cash in Bank : Cash in Ckg-EL BONITA INC-WFB-3541,-1.00,01/07/2021,10/12/2022
"25,798",DISCOVER,DISCOVER,,473,4,Best Western University Lodge,10270-687,,Cash in Bank : Cash in Checking-USB-4122,-1.00,01/07/2021,11/24/2021
"25,799",VISA/MASTER,VISA/MASTER,,490,8,El Bonita Motel,10172-755,,Cash in Bank : Cash in Ckg-EL BONITA INC-WFB-3541,-1.00,01/07/2021,10/12/2022
"25,800",VISA/MASTER,VISA/MASTER,,473,4,Best Western University Lodge,10270-687,,Cash in Bank : Cash in Checking-USB-4122,-1.00,01/07/2021,11/24/2021
"25,801",EXPDIA-Stat,EXPEDIA,,0,8,El Bonita Motel,,,,1.00,11/16/2021,12/30/2021
"25,803",RACK-Stat,PUBLISHED RATES,,0,8,El Bonita Motel,,,,1.00,11/16/2021,12/30/2021
"25,805",WALK-Stat,Walk In,,0,8,El Bonita Motel,,,,1.00,11/16/2021,12/30/2021
"25,806",WALK-Stat,Walk In,,0,1,Marina Beach Motel,,,,1.00,11/16/2021,12/30/2021
"25,807",CIA-Stat,CULINARY INSTITUTE,,0,8,El Bonita Motel,,,,1.00,11/16/2021,12/30/2021
"25,809",93,ADJ ROOM TAX,,455,8,El Bonita Motel,20103-662,,Tax Payable: Tourist Tax Payable,1.00,01/07/2021,11/23/2021
"25,810",GCC-Stat,GOLD CROWN CLUB MEMBERS,,0,4,Best Western University Lodge,,,,1.00,11/16/2021,12/30/2021
"25,811",GRP-Stat,GROUP SALES,,0,4,Best Western University Lodge,,,,1.00,11/16/2021,12/30/2021
"25,812",UCD-Stat,UC Davis,,0,4,Best Western University Lodge,,,,1.00,11/16/2021,12/30/2021
"25,813",UNIV-Stat,NEW UCD REFERRAL CODE,,0,4,Best Western University Lodge,,,,1.00,11/16/2021,12/30/2021
"25,814",CTS-Stat,CTS TRAVEL / UCD,,0,4,Best Western University Lodge,,,,1.00,11/16/2021,12/30/2021
"25,815",CASH,CASH,,457,5,The Vine Inn,60010-667,,Cash Over/Under,-1.00,01/07/2021,12/28/2021
"25,816",CHECKS,CHECKS,,457,4,Best Western University Lodge,60010-667,,Cash Over/Under,-1.00,01/07/2021,10/20/2021
"25,817",AH,CHECK-WALK IN,,0,4,Best Western University Lodge,,,,0.00,11/16/2021,02/21/2022
"25,818",PF,Pet Fee,,332,4,Best Western University Lodge,40120-635,,Revenues : Other Revenue,1.00,11/16/2021,11/24/2021
"25,819",GM-Stat,Government/Military,,0,4,Best Western University Lodge,,,,1.00,11/16/2021,12/30/2021
"25,820",90,Yolo County Tourism Bureau Tax,,455,4,Best Western University Lodge,20103-662,,Tax Payable: Tourist Tax Payable,1.00,11/16/2021,11/24/2021
"25,821",93,ADJ ROOM TAX,,455,4,Best Western University Lodge,20103-662,,Tax Payable: Tourist Tax Payable,1.00,01/07/2021,11/24/2021
"25,822",92,misc SALES TAX,,455,4,Best Western University Lodge,20103-662,,Tax Payable: Tourist Tax Payable,1.00,01/07/2021,10/16/2023
"25,823",BAR-Stat,Best Available Rate,,0,5,The Vine Inn,,,,1.00,10/26/2021,12/30/2021
"25,824",CASH,CASH,,457,7,Best Western Plus Ponderay Mountain Lodge,60010-667,,Cash Over/Under,-1.00,01/07/2021,07/12/2021
"25,825",AMEX,AMEX,,458,5,The Vine Inn,10150-675,,Cash in Bank : Cash in Checking-WFB-3387,-1.00,01/07/2021,11/24/2021
"25,826",AMEX,AMEX,,487,10,Crown City Inn,10130-715,,Cash in Bank : Cash in Ckg-CROWN INC-WFB-3384,-1.00,01/07/2021,10/10/2023
"25,827",VISA/MASTER,VISA/MASTER,,458,5,The Vine Inn,10150-675,,Cash in Bank : Cash in Checking-WFB-3387,-1.00,01/07/2021,11/24/2021
"25,828",TONIGH-Stat,HOTEL TONIGHT,,0,1,Marina Beach Motel,,,,1.00,11/16/2021,12/30/2021
"25,829",DISCOVER,DISCOVER,,458,5,The Vine Inn,10150-675,,Cash in Bank : Cash in Checking-WFB-3387,-1.00,01/07/2021,12/01/2021
"25,830",DR,DB PAID DISCVR,,332,6,Sawtooth Inn,40120-635,,Revenues : Other Revenue,1.00,01/07/2021,12/06/2021
"25,831",DR,DB PAID DISCVR,,332,1,Marina Beach Motel,40120-635,,Revenues : Other Revenue,1.00,01/07/2021,12/06/2021
"25,832",CA,Refund Check,,332,6,Sawtooth Inn,40120-635,,Revenues : Other Revenue,-1.00,01/20/2021,04/19/2022
"25,834",91A,ROOM TAX ADJ,,455,5,The Vine Inn,20103-662,,Tax Payable: Tourist Tax Payable,1.00,10/29/2021,12/06/2021
"25,835",91A,ROOM TAX ADJ,,455,1,Marina Beach Motel,20103-662,,Tax Payable: Tourist Tax Payable,1.00,10/29/2021,12/06/2021
"25,836",91,SALES TAX,,455,5,The Vine Inn,20103-662,,Tax Payable: Tourist Tax Payable,1.00,10/26/2021,12/06/2021
"25,837",D2,DB CONTROL,,0,4,Best Western University Lodge,,,,1.00,01/07/2021,02/24/2022
"25,839",CITY 017,CITY 017,AdvDepToGstLedger,0,8,El Bonita Motel,,,,1.00,11/16/2021,12/13/2021
"25,840",91,SALES TAX,,455,7,Best Western Plus Ponderay Mountain Lodge,20103-662,,Tax Payable: Tourist Tax Payable,1.00,10/26/2021,01/09/2023
"25,841",YELP-Rev,YELP,,0,0,,,,,1.00,12/17/2021,12/17/2021
"25,843",AMEX,AMEX,,467,7,Best Western Plus Ponderay Mountain Lodge,10230-681,,Cash in Bank : Cash in Checking-WFB-9428,-1.00,01/07/2021,12/28/2021
"25,844",CHECKS,CHECKS,,457,5,The Vine Inn,60010-667,,Cash Over/Under,-1.00,01/07/2021,12/28/2021
"25,845",CHECKS,CHECKS,,457,7,Best Western Plus Ponderay Mountain Lodge,60010-667,,Cash Over/Under,-1.00,01/07/2021,12/28/2021
"25,846",DISCOVER,DISCOVER,,467,7,Best Western Plus Ponderay Mountain Lodge,10230-681,,Cash in Bank : Cash in Checking-WFB-9428,-1.00,01/07/2021,12/28/2021
"25,848",VISA/MASTER,VISA/MASTER,,467,7,Best Western Plus Ponderay Mountain Lodge,10230-681,,Cash in Bank : Cash in Checking-WFB-9428,-1.00,01/07/2021,12/28/2021
"25,849",B.COM-Rev,BOOKING.COM,,0,0,,,,,1.00,01/03/2022,01/03/2022
"25,850",B.COM-Stat,BOOKING.COM,,0,0,,,,,1.00,01/03/2022,01/03/2022
"25,851",CRH-Rev,CAMPBELLS RESORT,,0,0,,,,,1.00,01/06/2022,01/06/2022
"25,852",CRH-Stat,CAMPBELLS RESORT,,0,0,,,,,1.00,01/06/2022,01/06/2022
"25,853",STKN-Rev,STEHEKIN,,0,0,,,,,1.00,01/31/2022,01/31/2022
"25,854",STKN-Stat,STEHEKIN,,0,0,,,,,1.00,01/31/2022,01/31/2022
"25,855",KV-Rev,KARMA VINYARDS,,0,0,,,,,1.00,02/01/2022,02/01/2022
"25,856",KV-Stat,KARMA VINYARDS,,0,0,,,,,1.00,02/01/2022,02/01/2022
"25,857",WINE-Rev,WINE TASTING/TOURS,,0,0,,,,,1.00,02/20/2022,02/20/2022
"25,858",WINE-Stat,WINE TASTING/TOURS,,0,0,,,,,1.00,02/20/2022,02/20/2022
"25,860",DW,DB WRITEOFF,GstWire,438,4,Best Western University Lodge,66000-371,,Bad Debt,-1.00,01/07/2021,02/23/2022
"25,863",LC,LOCAL CALLS,,332,8,El Bonita Motel,40120-635,,Revenues : Other Revenue,1.00,01/07/2021,02/23/2022
"25,865",LD,LONG DIST CALLS,,332,8,El Bonita Motel,40120-635,,Revenues : Other Revenue,1.00,01/07/2021,02/23/2022
"25,866",CITY LDGR,CITY LDGR,GstXfer,0,4,Best Western University Lodge,,,,1.00,02/23/2022,02/24/2022
"25,867",DW,DB WRITEOFF,GstWire,438,1,Marina Beach Motel,66000-371,,Bad Debt,-1.00,01/07/2021,02/23/2022
"25,868",GL ADV TRANSFERS,GL ADV TRANSFERS,,0,4,Best Western University Lodge,,,,1.00,11/16/2021,03/01/2022
"25,869",ADVANCE DEP,ADVANCE DEP,,0,0,,,,,1.00,02/25/2022,02/25/2022
"25,870",AC,Conf. Rm. Adjust (-),GstCash,0,1,Marina Beach Motel,,,,-1.00,10/26/2021,03/01/2022
"25,871",SB,SOUP BAR,,332,9,Lakeside Lodge & Suites,40120-635,,Revenues : Other Revenue,1.00,11/16/2021,03/01/2022
"25,872",ADVANCE DEP,ADVANCE DEP,AdvDepToGstLedger,0,4,Best Western University Lodge,,,,1.00,02/25/2022,03/02/2022
"25,873",AC,Conf. Rm. Adjust (-),GstCash,0,8,El Bonita Motel,,,,-1.00,10/26/2021,03/04/2022
"25,874",AMX,AMX,,0,0,,,,,1.00,03/09/2022,03/09/2022
"25,875",DRCT BILLS,DRCT BILLS,,0,0,,,,,1.00,03/09/2022,03/09/2022
"25,876",BWO,BW Overpayment,,332,0,,40120-635,,Revenues : Other Revenue,1.00,05/05/2022,05/05/2022
"25,877",92,misc SALES TAX,,455,7,Best Western Plus Ponderay Mountain Lodge,20103-662,,Tax Payable: Tourist Tax Payable,1.00,01/07/2021,06/02/2022
"25,878",RAC,ROLLAWAY CHG,,332,6,Sawtooth Inn,40120-635,,Revenues : Other Revenue,1.00,10/26/2021,06/13/2022
"25,879",RAC,ROLLAWAY CHG,,332,1,Marina Beach Motel,40120-635,,Revenues : Other Revenue,1.00,10/26/2021,06/13/2022
"25,880",X3,EXTRA PERSON,,332,8,El Bonita Motel,40120-635,,Revenues : Other Revenue,1.00,01/07/2021,06/13/2022
"25,881",DISCVR,DISCVR,,0,0,,,,,1.00,06/25/2022,06/25/2022
"25,882",MI-Rev,Military/Veterans,,0,0,,,,,1.00,08/12/2022,08/12/2022
"25,883",MI-Stat,Military/Veterans,,0,0,,,,,1.00,08/12/2022,08/12/2022
"25,884",RCNT,Room Charge Non Taxable,,0,0,,,,,1.00,08/14/2022,08/14/2022
"25,885",4,ROOM RENT,,0,0,,,,,1.00,09/14/2022,09/14/2022
"25,886",BWP,BW Point Stay,,0,0,,,,,1.00,09/14/2022,09/14/2022
"25,887",FR,CANCEL FEES,,0,0,,,,,1.00,09/14/2022,09/14/2022
"25,888",MTG,Conference Room ,,0,0,,,,,1.00,09/14/2022,09/14/2022
"25,889",PKG,PACKAGES,,0,0,,,,,1.00,09/14/2022,09/14/2022
"25,890",SD,Security Deposit,GstCash,0,14,Bard's Inn,,,,-1.00,09/14/2022,03/08/2024
"25,891",SDR,Security Deposit Refund,,0,0,,,,,1.00,09/14/2022,09/14/2022
"25,892",SH,Shuttle Transportation,,0,0,,,,,1.00,09/14/2022,09/14/2022
"25,893",XH,Service dog,,0,0,,,,,1.00,09/14/2022,09/14/2022
"25,894",OSF-Rev,SHAKESPEARE FESTIVLE,,0,0,,,,,1.00,09/14/2022,09/14/2022
"25,895",OSF-Stat,SHAKESPEARE FESTIVLE,,0,0,,,,,1.00,09/14/2022,09/14/2022
"25,896",ROAD-Rev,ROAD CLOSUERS/WETHER,,0,0,,,,,1.00,09/14/2022,09/14/2022
"25,897",ROAD-Stat,ROAD CLOSUERS/WETHER,,0,0,,,,,1.00,09/14/2022,09/14/2022
"25,898",SCH-Rev,SCHOOL GROUP,,0,0,,,,,1.00,09/14/2022,09/14/2022
"25,899",SCH-Stat,SCHOOL GROUP,,0,0,,,,,1.00,09/14/2022,09/14/2022
"25,900",SENIOR-Rev,SENIOR,,0,0,,,,,1.00,09/14/2022,09/14/2022
"25,901",SENIOR-Stat,SENIOR,,0,0,,,,,1.00,09/14/2022,09/14/2022
"25,902",SPORT-Rev,SPORTING EVENT,,0,0,,,,,1.00,09/14/2022,09/14/2022
"25,903",SPORT-Stat,SPORTING EVENT,,0,0,,,,,1.00,09/14/2022,09/14/2022
"25,904",THEATR-Rev,THEATRE,,0,0,,,,,1.00,09/14/2022,09/14/2022
"25,905",THEATR-Stat,THEATRE,,0,0,,,,,1.00,09/14/2022,09/14/2022
"25,906",UNKNO-Rev,WUNKNOWN,,0,0,,,,,1.00,09/14/2022,09/14/2022
"25,907",UNKNO-Stat,WUNKNOWN,,0,0,,,,,1.00,09/14/2022,09/14/2022
"25,908",CSH,CSH,,0,0,,,,,1.00,09/16/2022,09/16/2022
"25,909",WED-Rev,WEDDING,,0,0,,,,,1.00,09/17/2022,09/17/2022
"25,910",WED-Stat,WEDDING,,0,0,,,,,1.00,09/17/2022,09/17/2022
"25,911",SOU-Rev,SOUTHERN OREGON UNIVERSITY,,0,0,,,,,1.00,09/18/2022,09/18/2022
"25,912",SOU-Stat,SOUTHERN OREGON UNIVERSITY,,0,0,,,,,1.00,09/18/2022,09/18/2022
"25,913",GG-Rev,GOLF GROUP,,0,0,,,,,1.00,09/29/2022,09/29/2022
"25,914",GG-Stat,GOLF GROUP,,0,0,,,,,1.00,09/29/2022,09/29/2022
"25,915",SD,Security Deposit,GstCash,0,15,Best Western Windsor Inn,,,,-1.00,09/14/2022,10/17/2022
"25,917",DBVS,DIRECT BILL PYMNT VISA,GstPMSMCV,0,0,,,,,-1.00,10/29/2021,12/15/2023
"25,918",SDR,Security Deposit Refund,GstCash,0,15,Best Western Windsor Inn,,,,-1.00,09/14/2022,10/17/2022
"25,919",SDR,Security Deposit Refund,GstCash,0,1,Marina Beach Motel,,,,-1.00,09/14/2022,10/17/2022
"25,920",94,ROOM TAX,,455,15,Best Western Windsor Inn,20103-662,,Tax Payable: Tourist Tax Payable,1.00,11/16/2021,10/17/2022
"25,922",CITY 016,CITY 016,GstXfer,0,15,Best Western Windsor Inn,,,,1.00,11/16/2021,10/17/2022
"25,924",CASH,CASH,,457,15,Best Western Windsor Inn,60010-667,,Cash Over/Under,-1.00,01/07/2021,10/17/2022
"25,926",DISCOVER,DISCOVER,,494,15,Best Western Windsor Inn,10290-707,,Cash in Bank : Cash in Ckg-WINDSOR INC-USB-0436,-1.00,01/07/2021,10/17/2022
"25,927",CHECKS,CHECKS,,457,15,Best Western Windsor Inn,60010-667,,Cash Over/Under,-1.00,01/07/2021,10/17/2022
"25,929",VISA/MASTER,VISA/MASTER,,494,15,Best Western Windsor Inn,10290-707,,Cash in Bank : Cash in Ckg-WINDSOR INC-USB-0436,-1.00,01/07/2021,10/17/2022
"25,930",VISA/MASTER,VISA/MASTER,,476,14,Bard's Inn,10070-696,,Cash in Bank : Cash in Ckg-BARDS INC-WFB-7278,-1.00,01/07/2021,10/17/2022
"25,932",DISCOVER,DISCOVER,,476,14,Bard's Inn,10070-696,,Cash in Bank : Cash in Ckg-BARDS INC-WFB-7278,-1.00,01/07/2021,10/17/2022
"25,933",CHECKS,CHECKS,,457,14,Bard's Inn,60010-667,,Cash Over/Under,-1.00,01/07/2021,10/17/2022
"25,935",AMEX,AMEX,,494,15,Best Western Windsor Inn,10290-707,,Cash in Bank : Cash in Ckg-WINDSOR INC-USB-0436,-1.00,01/07/2021,10/17/2022
"25,936",AMEX,AMEX,,476,14,Bard's Inn,10070-696,,Cash in Bank : Cash in Ckg-BARDS INC-WFB-7278,-1.00,01/07/2021,10/17/2022
"25,937",CASH,CASH,,457,14,Bard's Inn,60010-667,,Cash Over/Under,-1.00,01/07/2021,10/17/2022
"25,938",BWP,BW Point Stay,,216,15,Best Western Windsor Inn,40110-634,18,Revenue - Direct Booking,1.00,09/14/2022,10/17/2022
"25,940",AC,Conf. Rm. Adjust (-),GstCash,0,15,Best Western Windsor Inn,,,,-1.00,10/26/2021,10/21/2022
"25,941",AC,Conf. Rm. Adjust (-),GstCash,0,4,Best Western University Lodge,,,,-1.00,10/26/2021,10/21/2022
"25,943",90,Yolo County Tourism Bureau Tax,,455,15,Best Western Windsor Inn,20103-662,,Tax Payable: Tourist Tax Payable,1.00,11/16/2021,10/21/2022
"25,945",X3,EXTRA PERSON,,332,15,Best Western Windsor Inn,40120-635,,Revenues : Other Revenue,1.00,01/07/2021,10/21/2022
"25,947",X9,1xBLANKET,,332,15,Best Western Windsor Inn,40120-635,,Revenues : Other Revenue,1.00,10/26/2021,10/21/2022
"25,948",CITY 017,CITY 017,AdvDepToGstLedger,0,15,Best Western Windsor Inn,,,,1.00,11/16/2021,10/21/2022
"25,949",DMG,RM DMGS or EXTRA CLNG,,332,0,,40120-635,,Revenues : Other Revenue,1.00,10/24/2022,10/24/2022
"25,950",EARL,Early Check in Beginnin at 12P,,332,15,Best Western Windsor Inn,40120-635,,Revenues : Other Revenue,1.00,11/11/2022,11/15/2022
"25,951",PTTX,Pet Fee City Tax,,0,0,,,,,1.00,01/04/2023,01/04/2023
"25,952",TOT,TOT on Extras,,0,0,,,,,1.00,01/04/2023,01/04/2023
"25,953",PTTX,Pet Fee City Tax,,455,1,Marina Beach Motel,20103-662,,Tax Payable: Tourist Tax Payable,1.00,01/04/2023,01/04/2023
"25,954",Phone-Rev,Telephone reservation,,0,0,,,,,1.00,01/07/2023,01/07/2023
"25,955",Phone-Stat,Telephone reservation,,0,0,,,,,1.00,01/07/2023,01/07/2023
"25,956",PET1,ONE PET FEE,,332,10,Crown City Inn,40120-635,,Revenues : Other Revenue,1.00,01/07/2023,10/10/2023
"25,957",PET2,TWO PETS FEE,,332,10,Crown City Inn,40120-635,,Revenues : Other Revenue,1.00,01/07/2023,10/10/2023
"25,958",PET3,THREE PETS FEE,,332,14,Bard's Inn,40120-635,,Revenues : Other Revenue,1.00,01/07/2023,11/21/2023
"25,959",SMKG,SMOKING FEE,,0,0,,,,,1.00,01/07/2023,01/07/2023
"25,960",PET1,ONE PET FEE,,332,14,Bard's Inn,40120-635,,Revenues : Other Revenue,1.00,01/07/2023,01/09/2023
"25,962",PET2,TWO PETS FEE,,332,14,Bard's Inn,40120-635,,Revenues : Other Revenue,1.00,01/07/2023,01/09/2023
"25,963",91,SALES TAX,,455,14,Bard's Inn,20103-662,,Tax Payable: Tourist Tax Payable,1.00,10/26/2021,01/09/2023
"25,964",Email-Rev,Email request,,0,0,,,,,1.00,01/10/2023,01/10/2023
"25,965",Email-Stat,Email request,,0,0,,,,,1.00,01/10/2023,01/10/2023
"25,966",Third-Rev,3rd-party reservation,,0,0,,,,,1.00,01/10/2023,01/10/2023
"25,967",Third-Stat,3rd-party reservation,,0,0,,,,,1.00,01/10/2023,01/10/2023
"25,968",APTX,Adj Pet Fee + Tax,,0,0,,,,,1.00,01/11/2023,01/11/2023
"25,969",APTX,Adj Pet Fee + Tax,,332,1,Marina Beach Motel,40120-635,,Revenues : Other Revenue,1.00,01/11/2023,01/11/2023
"25,970",WSVG-Rev,WASH. ST. VISTORS GUIDE,,0,0,,,,,1.00,04/17/2023,04/17/2023
"25,971",WSVG-Stat,WASH. ST. VISTORS GUIDE,,0,0,,,,,1.00,04/17/2023,04/17/2023
"25,972",WI/PH-Rev,Walk-in/Phone Call,,0,0,,,,,1.00,04/19/2023,04/19/2023
"25,973",WI/PH-Stat,Walk-in/Phone Call,,0,0,,,,,1.00,04/19/2023,04/19/2023
"25,974",BRO-Rev,BROCHURE,,0,0,,,,,1.00,04/27/2023,04/27/2023
"25,975",BRO-Stat,BROCHURE,,0,0,,,,,1.00,04/27/2023,04/27/2023
"25,976",SPC-Rev,Special,,0,0,,,,,1.00,04/29/2023,04/29/2023
"25,977",SPC-Stat,Special,,0,0,,,,,1.00,04/29/2023,04/29/2023
"25,978",BB-Rev,Booking Button,,0,0,,,,,1.00,05/17/2023,05/17/2023
"25,979",BB-Stat,Booking Button,,0,0,,,,,1.00,05/17/2023,05/17/2023
"25,980",CLC-,CLC Overpayment,,0,0,,,,,1.00,05/19/2023,05/19/2023
"25,981",ECIN,EARLY CHECK IN,,332,7,Best Western Plus Ponderay Mountain Lodge,40120-635,,Revenues : Other Revenue,1.00,05/20/2023,11/21/2023
"25,982",WARR-Rev,Warren Comp,,0,0,,,,,1.00,09/23/2023,09/23/2023
"25,983",WARR-Stat,Warren Comp,,0,0,,,,,1.00,09/23/2023,09/23/2023
"25,984",LOCAL-Rev,Local,,0,0,,,,,1.00,10/09/2023,10/09/2023
"25,985",LOCAL-Stat,Local,,0,0,,,,,1.00,10/09/2023,10/09/2023
"25,986",NPET,NON PET ROOM,,332,10,Crown City Inn,40120-635,,Revenues : Other Revenue,1.00,10/09/2023,12/15/2023
"25,987",SLOG,SMORES LOG,,332,10,Crown City Inn,40120-635,,Revenues : Other Revenue,1.00,10/09/2023,10/10/2023
"25,988",SPKG,SMORES PKG,,332,10,Crown City Inn,40120-635,,Revenues : Other Revenue,1.00,10/09/2023,10/10/2023
"25,989",92,misc SALES TAX,,455,10,Crown City Inn,20103-662,,Tax Payable: Tourist Tax Payable,1.00,01/07/2021,10/10/2023
"25,990",91,SALES TAX,,455,10,Crown City Inn,20103-662,,Tax Payable: Tourist Tax Payable,1.00,10/26/2021,10/10/2023
"25,991",VISA/MASTER,VISA/MASTER,,487,10,Crown City Inn,10130-715,,Cash in Bank : Cash in Ckg-CROWN INC-WFB-3384,-1.00,01/07/2021,10/10/2023
"25,992",DISCOVER,DISCOVER,,487,10,Crown City Inn,10130-715,,Cash in Bank : Cash in Ckg-CROWN INC-WFB-3384,-1.00,01/07/2021,10/10/2023
"25,993",CL ADV DEP CTRL,CL ADV DEP CTRL,AdvDepToGstLedger,0,10,Crown City Inn,,,,1.00,03/23/2021,10/10/2023
"25,994",CL DB CONTROL,CL DB CONTROL,GstXfer,0,10,Crown City Inn,,,,1.00,03/23/2021,10/10/2023
"25,995",FD,FORFEIT ADV DEP,,332,10,Crown City Inn,40120-635,,Revenues : Other Revenue,1.00,01/19/2021,10/10/2023
"25,996",GFT,GIFT BASKET,,332,10,Crown City Inn,40120-635,,Revenues : Other Revenue,1.00,10/11/2023,10/16/2023
"25,997",GL REST PYBL,GL REST PYBL,,0,0,,,,,1.00,10/14/2023,10/14/2023
"25,998",RELX-Rev,RELX,,0,0,,,,,1.00,12/02/2023,12/02/2023
"25,999",RELX-Stat,RELX,,0,0,,,,,1.00,12/02/2023,12/02/2023
"26,000",WNTR-Rev,WNTR 2 + night discount,,0,0,,,,,1.00,12/20/2023,12/20/2023
"26,001",WNTR-Stat,WNTR 2 + night discount,,0,0,,,,,1.00,12/20/2023,12/20/2023
"26,002",FX2,ROOM REVENUE PORTIO POINTS,,0,0,,,,,1.00,12/20/2023,12/20/2023
"26,003",SWIM-Rev,Swim Group,,0,0,,,,,1.00,12/21/2023,12/21/2023
"26,004",SWIM-Stat,Swim Group,,0,0,,,,,1.00,12/21/2023,12/21/2023
"26,005",WEDD-Rev,Wedding Group,,0,0,,,,,1.00,01/01/2024,01/01/2024
"26,006",WEDD-Stat,Wedding Group,,0,0,,,,,1.00,01/01/2024,01/01/2024
"26,007",SCR,SECURITY DEPOSIT REFUND,GstCash,0,14,Bard's Inn,,,,-1.00,03/08/2024,03/08/2024
"26,008",PROMO-Rev,PROMOTION RATE,,0,0,,,,,1.00,04/03/2024,04/03/2024
"26,009",PROMO-Stat,PROMOTION RATE,,0,0,,,,,1.00,04/03/2024,04/03/2024
"26,010",CCS,3.5% Credit Card Surcharge,,0,0,,,,,1.00,04/04/2024,04/04/2024
"26,011",LCO,LATE CHECK OUT FEE,,332,10,Crown City Inn,40120-635,,Revenues : Other Revenue,1.00,04/11/2024,05/08/2024
"26,012",X8,TUB SEAT,,332,15,Best Western Windsor Inn,40120-635,,Revenues : Other Revenue,1.00,10/26/2021,08/30/2024
"26,013",EC,Early Check-In,,332,3,Driftwood Inn,40120-635,,Revenues : Other Revenue,1.00,09/27/2024,10/21/2024
"26,014",CS,X3 EXTRA GUEST CHARGE,,332,15,Best Western Windsor Inn,40120-635,,Revenues : Other Revenue,1.00,10/21/2024,10/21/2024
"26,015",92,misc SALES TAX,,455,14,Bard's Inn,20103-662,,Tax Payable: Tourist Tax Payable,1.00,01/07/2021,11/11/2024
"26,016",X4,PET CHARGE,,332,8,El Bonita Motel,40120-635,,Revenues : Other Revenue,1.00,01/07/2021,11/11/2024
"26,017",X4,PET CHARGE,,332,9,Lakeside Lodge & Suites,40120-635,,Revenues : Other Revenue,1.00,01/07/2021,11/11/2024
"26,018",92,misc SALES TAX,,455,6,Sawtooth Inn,20103-662,,Tax Payable: Tourist Tax Payable,1.00,01/07/2021,11/11/2024
"26,019",CCRI,Crib,,0,0,,,,,1.00,01/11/2025,01/11/2025
"26,020",CECI,Early Check-In,,0,0,,,,,1.00,01/11/2025,01/11/2025
"26,021",CLCO,Late Check-Out,,0,0,,,,,1.00,01/11/2025,01/11/2025
"26,022",CPET,Pet Fee,,332,0,,40120-635,,Revenues : Other Revenue,1.00,01/11/2025,02/11/2025
"26,023",CROL,Roll-Away Bed,,332,0,,40120-635,,Revenues : Other Revenue,1.00,01/11/2025,02/11/2025
"26,024",CUP1,Room Upgrade 1,,0,0,,,,,1.00,01/11/2025,01/11/2025
"26,025",CUP2,Room Upgrade 2,,0,0,,,,,1.00,01/11/2025,01/11/2025
"26,026",CUP3,Room Upgrade 3,,0,0,,,,,1.00,01/11/2025,01/11/2025
"26,027",CUP4,Room Upgrade 4,,0,0,,,,,1.00,01/11/2025,01/11/2025
"26,028",CUP5,Room Upgrade 5,,0,0,,,,,1.00,01/11/2025,01/11/2025
"26,029",CXP1,Extra Person Charge 1,,0,0,,,,,1.00,01/11/2025,01/11/2025
"26,030",CXP2,Extra Person Charge 2,,0,0,,,,,1.00,01/11/2025,01/11/2025
"26,031",CXP3,Extra Person Charge 3,,0,0,,,,,1.00,01/11/2025,01/11/2025
"26,032",CR,REFUND CASH,GstCash,0,1,Marina Beach Motel,,,,-1.00,01/07/2021,10/20/2021
"26,033",Total Rooms,Total Rooms,,0,0,,,,,1.00,02/28/2025,02/28/2025